date,btc,ltc,xrp,sp,gold,bond,vix,,,,,
2015-01-21,210.55,1.31,0.0175,2032.12,701.49,398.96,18.85,,,,,
2015-01-22,228.17,1.36,0.0152,2063.15,705.28,398.47,16.4,,,,,
2015-01-23,232.7,1.41,0.016,2051.82,700.9,400.42,16.66,,,,,
2015-01-26,252.09,2.22,0.017,2057.09,693.75,400.44,15.52,,,,,
2015-01-27,269.18,2.06,0.0147,2029.55,700.52,400.48,17.22,,,,,
2015-01-28,263.27,2.08,0.0155,2002.16,697.43,402.98,20.44,,,,,
2015-01-29,236.17,1.93,0.015,2021.25,680.47,402.26,18.76,,,,,
2015-01-30,233.99,1.89,0.0135,1994.99,693.1,403.87,20.97,,,,, 
2015-02-02,225.29,1.84,0.015,2020.85,691.85,404.12,19.43,,,,,
2015-02-03,238.86,1.78,0.0133,2050.03,682.86,401.8,17.33,,,,,
2015-02-04,227.41,1.83,0.0148,2041.51,685.13,401.75,18.33,,,,,
2015-02-05,226.58,1.8,0.014,2062.52,684.16,401.43,16.85,,,,,
2015-02-06,216.52,1.739,0.0157,2055.47,668.93,399.16,17.29,,,,,
2015-02-09,223.67,1.78,0.0143,2046.74,672.67,399.18,18.55,,,,,
2015-02-10,220.34,1.73,0.0135,2068.59,667.63,398.25,17.23,,,,,
2015-02-11,219.67,1.757,0.0146,2068.53,660.81,398.42,16.96,,,,,
2015-02-12,218.83,1.729,0.0146,2088.48,661.4,398.62,15.34,,,,,
2015-02-13,221.79,1.749,0.0143,2096.99,664.87,397.76,14.69,,,,,
2015-02-17,235.83,1.799,0.0151,2100.34,654.85,395.53,15.8,,,,,
2015-02-18,243.2,1.849,0.013,2099.68,650.3,397.33,15.45,,,,,
2015-02-19,235.2,1.809,0.015,2097.45,654.31,396.66,15.29,,,,,
2015-02-20,241.92,1.848,0.0131,2110.3,652.85,396.51,14.3,,,,,
2015-02-23,235.73,1.794,0.0131,2109.66,650.63,398.66,14.56,,,,,
2015-02-24,238.82,1.808,0.014,2115.48,648.73,400.4,13.69,,,,,
2015-02-25,238.89,1.818,0.0134,2113.86,651.01,400.91,13.84,,,,,
2015-02-26,237.33,1.799,0.014,2110.74,655.67,399.9,13.91,,,,,
2015-02-27,236.53,1.809,0.013,2104.5,657.29,400.39,13.34,,,,,
2015-03-02,257.94,1.875,0.011,2117.39,654.64,398.44,13.04,,,,,
2015-03-03,273.75,1.915,0.0066,2107.78,652.58,397.83,13.86,,,,,
2015-03-04,280.65,1.939,0.0085,2098.53,650.68,397.78,14.23,,,,,
2015-03-05,271.92,1.928,0.012,2101.04,648.14,398.19,14.04,,,,,
2015-03-06,275.23,1.909,0.012,2071.26,630.85,395.25,15.2,,,,,
2015-03-09,274.49,1.89,0.0098,2079.43,632.04,396.3,15.06,,,,,
2015-03-10,290.02,1.939,0.0098,2044.16,628.56,397.59,16.69,,,,,
2015-03-11,291.37,2.007,0.0095,2040.24,623.41,398.04,16.87,,,,,
2015-03-12,295.6,2.016,0.0077,2065.95,624.12,398.14,15.42,,,,,
2015-03-13,293.85,2.039,0.0108,2053.4,624.33,397.61,16,,,,,
2015-03-16,284.88,2.008,0.0106,2081.19,624.71,397.68,15.61,,,,,
2015-03-17,290.41,2.029,0.0105,2074.28,622.01,398.34,15.66,,,,,
2015-03-18,285.38,1.986,0.0105,2099.5,623.63,400.71,13.97,,,,,
2015-03-19,255.92,1.736,0.0102,2089.27,633.27,400.35,14.07,,,,,
2015-03-20,260.93,1.75,0.0109,2108.1,641.71,401.42,13.02,,,,,
2015-03-23,268.57,1.79,0.01,2104.42,643.34,401.61,13.41,,,,,
2015-03-24,265.46,1.77,0.0097,2091.5,645.34,402.63,13.62,,,,,
2015-03-25,246.72,1.645,0.0099,2061.05,648.54,401.59,15.44,,,,,
2015-03-26,246.37,1.664,0.0092,2056.15,652.71,399.35,15.8,,,,,
2015-03-27,248.02,1.688,0.0085,2061.02,650,401.16,15.07,,,,,
2015-03-30,242.08,1.649,0.0081,2086.24,641.67,400.89,14.51,,,,,
2015-03-31,246.79,1.67,0.0082,2067.89,640.53,401.5,15.29,,,,,
2015-04-01,244.15,1.649,0.0077,2059.69,654.06,403.11,15.11,,,,,
2015-04-02,246.24,1.66,0.0079,2066.96,650.11,402.39,14.67,,,,,
2015-04-06,259.64,1.672,0.0088,2080.62,659.7,402.38,14.74,,,,,
2015-04-07,254.97,1.644,0.0088,2076.33,655.37,403.22,14.78,,,,,
2015-04-08,252.97,1.666,0.0091,2081.9,651.31,403.52,13.98,,,,,
2015-04-09,244.57,1.62,0.0092,2091.18,646.16,401.91,13.09,,,,,
2015-04-10,243.32,1.58,0.0092,2102.06,652.12,402.27,12.58,,,,,
2015-04-13,235.85,1.459,0.008,2092.43,649.25,402.69,13.94,,,,,
2015-04-14,223.59,1.362,0.0083,2095.84,645.62,403.45,13.67,,,,,
2015-04-15,217.99,1.379,0.0083,2106.63,650.33,403.5,12.84,,,,,
2015-04-16,222.97,1.38,0.0083,2104.99,648.55,403.84,12.6,,,,,
2015-04-17,227.98,1.409,0.0083,2081.18,651.31,404.6,13.89,,,,,
2015-04-20,223.02,1.384,0.0115,2100.4,646.22,403.38,13.3,,,,,
2015-04-21,224.24,1.393,0.0036,2097.29,651.31,403.07,13.25,,,,,
2015-04-22,233.73,1.423,0.004,2107.96,642.54,401.67,12.71,,,,,
2015-04-23,233.78,1.458,0.0082,2112.93,646.55,402.15,12.48,,,,,
2015-04-24,235.4,1.448,0.0083,2117.69,636.1,402.77,12.29,,,,,
2015-04-27,218.7,1.32,0.0078,2108.92,651.37,402.75,13.12,,,,,
2015-04-28,228.96,1.378,0.0081,2114.76,657.16,401.31,12.41,,,,,
2015-04-29,225.81,1.362,0.0077,2106.85,655.05,399.46,13.39,,,,,
2015-04-30,225.42,1.364,0.0076,2085.51,640.11,398.95,14.55,,,,,
2015-05-01,235.77,1.432,0.0085,2108.29,635.83,397.33,12.7,,,,,
2015-05-04,239.99,1.432,0.0078,2114.49,642.49,396.77,12.85,,,,,
2015-05-05,238.97,1.411,0.0082,2089.46,645.96,395.88,14.31,,,,,
2015-05-06,235.82,1.402,0.0078,2080.15,644.39,394.3,15.15,,,,,
2015-05-07,230.03,1.391,0.0077,2088,640,395.63,15.13,,,,,
2015-05-08,237.73,1.462,0.0078,2116.1,643.63,396.29,12.86,,,,,
2015-05-11,239.96,1.431,0.0067,2105.33,640.42,393.57,13.85,,,,,
2015-05-12,241.81,1.44,0.0075,2099.12,645.5,393.89,13.86,,,,,
2015-05-13,241.58,1.441,0.0075,2098.48,659.46,393.41,13.76,,,,,
2015-05-14,236.38,1.439,0.0067,2121.1,663.25,393.96,12.74,,,,,
2015-05-15,236.9,1.442,0.0075,2122.73,663.3,396.49,12.38,,,,,
2015-05-18,236.3,1.45,0.0065,2129.2,664.55,394.58,12.73,,,,,
2015-05-19,232.64,1.44,0.0061,2127.83,653.24,393.74,12.85,,,,,
2015-05-20,232.02,1.45,0.0046,2125.85,654.38,393.5,12.88,,,,,
2015-05-21,233.96,1.45,0.005,2130.82,651.84,394.88,12.11,,,,,
2015-05-22,235.38,1.471,0.005,2126.06,651.73,394,12.13,,,,,
2015-05-26,237.41,1.796,0.0072,2104.2,642.48,396.21,14.06,,,,,
2015-05-27,237.84,1.811,0.0072,2123.48,641.78,396.29,13.27,,,,,
2015-05-28,237.29,1.842,0.015,2120.79,643.02,396.17,13.31,,,,,
2015-05-29,237.32,1.832,0.0055,2107.39,643.56,396.81,13.84,,,,,
2015-06-01,229.84,1.63,0.009,2111.73,642.97,394.39,13.97,,,,,
2015-06-02,223.14,1.611,0.0078,2109.6,646.05,392.67,14.24,,,,,
2015-06-03,225.74,1.661,0.0056,2114.07,640.91,390.82,13.66,,,,,
2015-06-04,225.59,1.672,0.0085,2095.84,635.67,392.22,14.71,,,,,
2015-06-05,224.22,1.661,0.0089,2092.83,631.83,390.27,14.21,,,,,
2015-06-08,223.47,1.732,0.0089,2079.28,634.8,390.68,15.29,,,,,
2015-06-09,228.57,1.781,0.0056,2080.15,636.97,389.57,14.47,,,,,
2015-06-10,229.56,1.797,0.0081,2105.2,641.83,388.24,13.22,,,,,
2015-06-11,228.79,1.752,0.0081,2108.86,638.48,390.41,12.85,,,,,
2015-06-12,229.88,1.791,0.0081,2094.11,637.83,390.31,13.78,,,,,
2015-06-15,233.75,1.993,0.008,2084.43,641.4,390.59,15.39,,,,,
2015-06-16,237,2.008,0.0084,2096.29,638.75,391.18,14.81,,,,,
2015-06-17,249.82,2.832,0.015,2100.44,636.54,391.23,14.5,,,,,
2015-06-18,247.38,2.852,0.0098,2121.24,650.17,390.1,13.19,,,,,
2015-06-19,248.44,3.087,0.0114,2109.99,650.11,391.87,13.96,,,,,
2015-06-22,244.1,3.014,0.01,2122.85,640.49,389.87,12.74,,,,,
2015-06-23,247.46,3.019,0.0103,2124.2,636.43,388.92,12.11,,,,,
2015-06-24,243.76,2.963,0.0103,2108.58,634.43,389.87,13.26,,,,,
2015-06-25,240.56,2.804,0.0115,2102.31,633.83,389.53,14.01,,,,,
2015-06-26,242.56,2.842,0.0115,2101.49,634.59,387.7,14.02,,,,,
2015-06-29,248.88,3.045,0.0118,2057.64,637.73,390.61,18.85,,,,,
2015-06-30,256.97,3.758,0.0115,2063.11,633.83,390.49,18.23,,,,,
2015-07-01,264.12,4.097,0.011,2077.42,632.48,388.78,16.09,,,,,
2015-07-02,257.62,3.961,0.0114,2076.78,629.34,389.39,16.79,,,,,
2015-07-06,270.14,4.766,0.0089,2068.76,634.59,391.91,17.01,,,,,
2015-07-07,269.08,5.325,0.0103,2081.34,623.45,392.92,16.09,,,,,
2015-07-08,266.21,5.325,0.0092,2046.68,629.35,393.35,19.66,,,,,
2015-07-09,268.64,6.094,0.0097,2051.31,627.02,391.09,19.97,,,,,
2015-07-10,269.14,7.603,0.0084,2076.62,626.32,388.59,16.83,,,,,
2015-07-13,310.44,5.176,0.0083,2099.6,624.97,388.56,13.9,,,,,
2015-07-14,290.35,4.541,0.0081,2108.95,623.9,389,13.37,,,,,
2015-07-15,286.96,4.539,0.0088,2107.4,620.61,390.07,13.23,,,,,
2015-07-16,283.42,4.111,0.0088,2124.29,618.66,390.13,12.11,,,,,
2015-07-17,276.59,3.597,0.0079,2126.64,611.92,390.44,11.95,,,,,
2015-07-20,273.18,3.6,0.0079,2128.28,598.26,389.84,12.25,,,,,
2015-07-21,277.68,3.871,0.0084,2119.21,596.32,390.35,12.22,,,,,
2015-07-22,275.09,3.701,0.0084,2114.15,589.84,390.73,12.12,,,,,
2015-07-23,276.46,3.776,0.0076,2102.15,591.19,391.76,12.64,,,,,
2015-07-24,275.52,3.755,0.0076,2079.65,586.28,391.72,13.74,,,,,
2015-07-27,291.77,4.569,0.0083,2067.64,592.16,392.36,15.6,,,,,
2015-07-28,293.01,4.588,0.0079,2093.25,592.06,391.78,13.44,,,,,
2015-07-29,293.7,4.985,0.0088,2108.57,590.22,391.31,12.5,,,,,
2015-07-30,288.37,4.727,0.0088,2108.63,587.74,391.71,12.13,,,,,
2015-07-31,287.02,4.531,0.008,2103.84,591.19,392.64,12.12,,,,,
2015-08-03,281.36,4.141,0.0085,2098.04,588.12,393.9,12.56,,,,,
2015-08-04,281.58,4.192,0.0085,2093.32,588.82,392.73,13,,,,,
2015-08-05,284.3,4.336,0.0082,2099.84,586.07,391.33,12.51,,,,,
2015-08-06,281.72,4.304,0.008,2083.56,588.5,391.74,13.77,,,,,
2015-08-07,278,4.014,0.008,2077.57,590.66,393.09,13.39,,,,,
2015-08-10,263.87,3.869,0.0087,2104.18,596.06,391.58,12.23,,,,,
2015-08-11,263.3,3.882,0.0092,2084.07,598.01,393.45,13.71,,,,,
2015-08-12,269.03,4.083,0.0085,2086.05,606.6,392.92,13.61,,,,,
2015-08-13,267.66,3.984,0.0085,2083.39,602.28,391.71,13.49,,,,,
2015-08-14,263.44,3.85,0.0085,2091.54,600.71,391.64,12.83,,,,,
2015-08-17,257.12,3.951,0.009,2102.44,603.8,392.74,13.02,,,,,
2015-08-18,257.13,3.966,0.0085,2096.92,602.99,391.56,13.79,,,,,
2015-08-19,246.72,3.819,0.0088,2079.61,608.93,392.66,15.25,,,,,
2015-08-20,226,3.4,0.0078,2035.73,622.59,393.48,19.14,,,,,
2015-08-21,234.66,3.567,0.0088,1970.89,626.05,393.8,28.03,,,,,
2015-08-24,226.75,3.35,0.007,1893.21,622.81,394.16,40.74,,,,,
2015-08-25,211.43,2.925,0.008,1867.61,614.56,391.08,36.02,,,,,
2015-08-26,220.51,2.933,0.0067,1940.51,607.16,389.78,30.32,,,,,
2015-08-27,224.97,2.923,0.0088,1987.66,606.08,390.68,26.1,,,,,
2015-08-28,222.73,2.802,0.0082,1988.87,612.24,390.59,26.05,,,,,
2015-08-31,228.4,2.79,0.0087,1972.18,611.43,390.36,28.43,,,,,
2015-09-01,229.47,2.819,0.0055,1913.85,615.37,390.68,31.4,,,,,
2015-09-02,227.18,2.79,0.0069,1948.86,612.03,390.3,26.09,,,,,
2015-09-03,228.63,2.778,0.0095,1951.13,607.11,391.21,25.61,,,,,
2015-09-04,226.2,2.592,0.0095,1921.22,605.44,392.4,27.8,,,,,
2015-09-08,239.58,3.045,0.008,1969.41,605.23,391.34,24.9,,,,,
2015-09-09,243.24,3.029,0.008,1942.04,594.98,392.11,26.23,,,,,
2015-09-10,237.41,2.894,0.0085,1952.29,598.92,391.28,24.37,,,,,
2015-09-11,238.08,2.931,0.0077,1961.05,595.68,392.16,23.2,,,,,
2015-09-14,230.19,2.795,0.008,1953.03,598.06,392.2,24.25,,,,,
2015-09-15,229.91,2.825,0.0073,1978.09,595.31,389.77,22.54,,,,,
2015-09-16,229.53,2.802,0.008,1995.31,604.16,389.48,21.35,,,,,
2015-09-17,228.6,2.78,0.0074,1990.2,603.08,391.53,21.14,,,,,
2015-09-18,232.72,2.902,0.0076,1958.03,614.32,393.65,22.28,,,,,
2015-09-21,231.09,2.837,0.0075,1966.97,611.62,391.78,20.14,,,,,
2015-09-22,226.33,2.782,0.0075,1942.74,607.3,393.67,22.44,,,,,
2015-09-23,230.01,2.821,0.0072,1938.76,610.92,393.29,22.13,,,,,
2015-09-24,229.89,2.849,0.0068,1932.24,622.96,393.63,23.47,,,,,
2015-09-25,233.76,2.898,0.0067,1931.34,618.53,392.46,23.62,,,,,
2015-09-28,232.5,2.861,0.0073,1881.77,611.02,393.51,27.63,,,,,
2015-09-29,238.87,3.026,0.0059,1884.09,608.38,393.57,26.83,,,,,
2015-09-30,236.71,2.988,0.0055,1920.03,602.12,392.9,24.5,,,,,
2015-10-01,235.93,2.985,0.0055,1923.82,601.31,393.08,22.55,,,,,
2015-10-02,237.05,2.981,0.0065,1951.36,613.67,394,20.94,,,,,
2015-10-05,238.33,2.982,0.005,1987.05,614.21,393,19.54,,,,,
2015-10-06,240.15,2.992,0.0059,1979.92,618.96,393.97,19.4,,,,,
2015-10-07,246.14,3.11,0.0056,1995.83,620.21,394.27,18.4,,,,,
2015-10-08,242.98,3.029,0.0055,2013.43,617.83,393.29,17.42,,,,,
2015-10-09,242.58,3.037,0.0051,2014.89,624.09,393.86,17.08,,,,,
2015-10-12,247.65,3.127,0.0053,2017.46,628.74,394.325,16.17,,,,,
2015-10-13,245.35,3.112,0.0055,2003.69,629.22,394.79,17.67,,,,,
2015-10-14,248.78,3.142,0.0054,1994.24,637,396.49,18.03,,,,,
2015-10-15,252.33,3.111,0.005,2023.86,641.15,395.66,16.05,,,,,
2015-10-16,254.44,3.085,0.0054,2033.11,638.78,395.84,15.05,,,,,
2015-10-19,261.67,2.995,0.005,2033.66,633.22,395.84,14.98,,,,,
2015-10-20,263.82,3.035,0.0051,2030.77,635.76,395.1,15.75,,,,,
2015-10-21,269.75,3.063,0.0048,2018.94,630.14,396.48,16.7,,,,,
2015-10-22,267.11,3.064,0.0046,2052.51,629.6,396.96,14.45,,,,,
2015-10-23,274.42,3.1,0.0045,2075.15,627.82,396.19,14.46,,,,,
2015-10-26,287.86,3.071,0.0045,2071.18,629.66,397.2,15.29,,,,,
2015-10-27,285.15,3.084,0.0051,2065.89,629.44,397.59,15.43,,,,,
2015-10-28,294.66,3.084,0.0048,2090.35,635,396.52,14.33,,,,,
2015-10-29,303.54,3.073,0.0044,2089.41,619.45,394.53,14.61,,,,,
2015-10-30,313.63,3.807,0.0046,2079.36,616.27,395.05,15.07,,,,,
2015-11-02,322.95,3.674,0.0048,2104.05,613.3,394.61,14.15,,,,,
2015-11-03,359.28,3.968,0.0051,2109.79,601.53,393.79,14.54,,,,,
2015-11-04,396.49,4.285,0.0048,2102.31,597.27,393.8,15.51,,,,,
2015-11-05,400.89,3.99,0.0045,2099.93,596.19,393.47,15.05,,,,,
2015-11-06,382.7,3.759,0.0043,2099.2,587.28,391.61,14.33,,,,,
2015-11-09,371.56,3.337,0.0047,2078.58,587.5,391.41,16.52,,,,,
2015-11-10,380.22,3.331,0.0044,2081.72,587.7,391.82,15.29,,,,,
2015-11-11,336.69,3.113,0.004,2075,585.66,391.735,16.06,,,,,
2015-11-12,304.71,2.924,0.0047,2045.97,583.52,391.65,18.37,,,,,
2015-11-13,333.85,3.239,0.0044,2023.04,583.52,392.2,20.08,,,,,
2015-11-16,317.45,3.037,0.0042,2053.19,584.93,392.15,18.16,,,,,
2015-11-17,330.21,3.167,0.0044,2050.44,576.78,392.8,18.84,,,,,
2015-11-18,333.91,3.176,0.0043,2083.58,576.73,392.72,16.85,,,,,
2015-11-19,335.92,3.174,0.0041,2081.24,581.7,393.39,16.99,,,,,
2015-11-20,324.98,3.105,0.0044,2089.17,580.73,393,15.47,,,,,
2015-11-23,322.78,3.112,0.0043,2086.59,575.5,393.37,15.62,,,,,
2015-11-24,322.12,3.113,0.0044,2089.14,579.12,393.4,15.93,,,,,
2015-11-25,318.35,3.097,0.0044,2088.87,577.18,393.71,15.19,,,,,
2015-11-27,353.74,3.541,0.0041,2090.11,569.9,393.76,15.12,,,,,
2015-11-30,370.84,3.645,0.004,2080.41,574.82,394.15,16.13,,,,,
2015-12-01,377.97,3.598,0.0039,2102.63,573.85,395.82,14.67,,,,,
2015-12-02,361.8,3.409,0.004,2079.51,568.62,395.63,15.91,,,,,
2015-12-03,359.98,3.343,0.0042,2049.62,572.61,391.97,18.11,,,,,
2015-12-04,360.31,3.349,0.0041,2091.69,584.97,393.29,14.81,,,,,
2015-12-07,393.38,3.436,0.0048,2077.07,580.18,394.43,15.84,,,,,
2015-12-08,394.28,3.565,0.0045,2063.59,580.24,393.41,17.6,,,,,
2015-12-09,410.67,3.63,0.0062,2047.62,580.89,393.99,19.61,,,,,
2015-12-10,416,3.616,0.0074,2052.23,578.47,393.25,19.34,,,,,
2015-12-11,415.49,3.628,0.0065,2012.37,580.47,394.75,24.39,,,,,
2015-12-14,434.69,3.541,0.0059,2021.94,573.85,391.81,22.73,,,,,
2015-12-15,442,3.55,0.0058,2043.41,572.88,391.07,20.95,,,,,
2015-12-16,462.65,3.763,0.0043,2073.07,581.09,390.72,17.86,,,,,
2015-12-17,453.98,3.629,0.0058,2041.89,566.41,391.98,18.94,,,,,
2015-12-18,455.53,3.712,0.0056,2005.55,574.73,392.38,20.7,,,,,
2015-12-21,441.78,3.508,0.005,2021.15,583.16,392.23,18.7,,,,,
2015-12-22,437.59,3.411,0.0051,2038.97,579.66,391.45,16.6,,,,,
2015-12-23,437.03,3.39,0.0052,2064.29,576.53,391.06,15.57,,,,,
2015-12-24,442.43,3.555,0.0056,2060.99,580.64,391.73,15.74,,,,,
2015-12-28,422.39,3.481,0.0051,2056.5,576.55,392.36,16.91,,,,,
2015-12-29,421.76,3.455,0.0052,2078.36,576.39,390.53,16.08,,,,,
2015-12-30,431.92,3.505,0.0053,2063.36,571.97,390.71,17.29,,,,,
2015-12-31,427.15,3.455,0.0054,2043.94,572.19,391.48,18.21,,,,,
2016-01-04,430.7,3.465,0.0052,2012.66,580.3,391.97,20.7,,,,,
2016-01-05,433.32,3.488,0.0051,2016.71,582.03,391.79,19.34,,,,,
2016-01-06,431.2,3.459,0.005,1990.26,589.32,393.32,20.59,,,,,
2016-01-07,430.82,3.447,0.005,1943.09,597.91,393.6,24.99,,,,,
2016-01-08,457.05,3.586,0.005,1922.03,592.57,393.85,27.01,,,,,
2016-01-11,446.19,3.525,0.0054,1923.67,591.63,392.99,24.3,,,,,
2016-01-12,447.72,3.55,0.004,1938.68,585.65,394.21,22.47,,,,,
2016-01-13,445.04,3.522,0.0051,1890.28,586.71,394.42,25.22,,,,,
2016-01-14,432.18,3.48,0.0051,1921.84,579.35,393.09,23.95,,,,,
2016-01-15,429.13,3.453,0.0048,1880.33,588.58,393.55,27.02,,,,,
2016-01-19,384.4,3.035,0.0051,1881.33,587.67,393.3,26.05,,,,,
2016-01-20,379.46,3.016,0.0052,1859.33,596.85,392.58,27.59,,,,,
2016-01-21,414.58,3.363,0.0054,1868.99,592.43,391.84,26.69,,,,,
2016-01-22,410.24,3.216,0.0052,1906.9,591.57,391.62,22.34,,,,,
2016-01-25,402.13,3.171,0.0051,1877.08,596.6,391.96,24.15,,,,,
2016-01-26,392.76,3.122,0.0051,1903.63,604.7,392.31,22.5,,,,,
2016-01-27,389.78,3.133,0.0057,1882.95,602.39,391.94,23.11,,,,,
2016-01-28,395.02,3.278,0.0065,1893.36,602.28,391.96,22.42,,,,,
2016-01-29,379.69,3.082,0.0058,1940.24,602.45,392.98,20.2,,,,,
2016-02-01,369.84,3.064,0.0062,1939.38,608.73,391.88,19.98,,,,,
2016-02-02,372.18,3.067,0.0067,1903.03,608.3,393.71,21.98,,,,,
2016-02-03,373.92,3.066,0.007,1912.53,615.92,392.89,21.65,,,,,
2016-02-04,368.02,3.036,0.0066,1915.45,624.66,393.24,21.84,,,,,
2016-02-05,390.65,3.142,0.0066,1880.05,624.78,393.42,23.38,,,,,
2016-02-08,377.94,3.087,0.0081,1853.44,646.49,395.21,26,,,,,
2016-02-09,372.63,3.061,0.0081,1852.21,646.88,394.49,26.54,,,,,
2016-02-10,375.32,3.077,0.0074,1851.86,644.72,394.88,26.29,,,,,
2016-02-11,381.88,3.095,0.0074,1829.08,673.44,394.63,28.14,,,,,
2016-02-12,379.45,3.039,0.0082,1864.78,668.91,392.67,25.4,,,,,
2016-02-16,401.07,3.141,0.0084,1895.58,652.1,392.41,24.11,,,,,
2016-02-17,406.42,3.176,0.0081,1926.82,653.83,391.9,22.31,,,,,
2016-02-18,417.14,3.227,0.0075,1917.83,661.88,393.68,21.64,,,,,
2016-02-19,421.4,3.232,0.0084,1917.78,664.31,393.94,20.53,,,,,
2016-02-22,437.87,3.415,0.0083,1945.5,653.15,394.15,19.38,,,,,
2016-02-23,437.79,3.449,0.0083,1921.27,659.91,394.77,20.98,,,,,
2016-02-24,419.9,3.378,0.0082,1929.8,668.82,394.86,20.72,,,,,
2016-02-25,422.72,3.351,0.0079,1951.7,668.66,396.12,19.11,,,,,
2016-02-26,423.48,3.354,0.0082,1948.05,658.74,395.13,19.81,,,,,
2016-02-29,432.47,3.401,0.0082,1932.23,666.31,396.38,20.55,,,,,
2016-03-01,436.21,3.402,0.0081,1978.35,664.37,395.02,17.7,,,,,
2016-03-02,434.04,3.41,0.0083,1986.45,670.32,395.64,17.09,,,,,
2016-03-03,425.36,3.362,0.0081,1993.4,679.18,396.7,16.7,,,,,
2016-03-04,419.56,3.308,0.0079,1999.99,685.93,396.26,16.86,,,,,
2016-03-07,405.96,3.2,0.0076,2001.76,682.33,396.81,17.35,,,,,
2016-03-08,414.87,3.239,0.0077,1979.26,681.76,398.67,18.67,,,,,
2016-03-09,411.9,3.225,0.0078,1989.26,678.77,397.83,18.34,,,,,
2016-03-10,412.76,3.252,0.0081,1989.57,687.12,398.03,18.05,,,,,
2016-03-11,415.83,3.269,0.0082,2022.19,679.94,398.04,16.5,,,,,
2016-03-14,412.41,3.285,0.0082,2019.64,672.24,399.36,16.92,,,,,
2016-03-15,414.31,3.285,0.0083,2015.93,664.59,400.04,16.84,,,,,
2016-03-16,415.13,3.291,0.0079,2027.22,663.95,400.61,14.99,,,,,
2016-03-17,415.91,3.289,0.0082,2040.59,683,402.06,14.44,,,,,
2016-03-18,418.16,3.278,0.0081,2049.58,677.18,403.34,14.02,,,,,
2016-03-21,411.53,3.19,0.0078,2051.6,671.91,402.61,13.79,,,,,
2016-03-22,411.11,3.19,0.0079,2049.8,674.4,402.95,14.17,,,,,
2016-03-23,416.21,3.22,0.0079,2036.71,661.08,404.73,14.94,,,,,
2016-03-24,416.98,3.22,0.0084,2035.94,659.95,404.08,14.74,,,,,
2016-03-28,424.57,3.277,0.0079,2037.05,659.17,404.67,15.24,,,,,
2016-03-29,422.21,3.251,0.0073,2055.01,667.53,405.85,13.82,,,,,
2016-03-30,415,3.216,0.0075,2063.95,662.74,405.63,13.56,,,,,
2016-03-31,412.44,3.213,0.0074,2059.74,666.52,406.83,13.95,,,,,
2016-04-01,415.66,3.235,0.0073,2072.78,660,406.76,13.1,,,,,
2016-04-04,419.06,3.246,0.0075,2066.13,657.75,407.34,14.12,,,,,
2016-04-05,419.33,3.234,0.0074,2045.17,663.31,408.62,15.42,,,,,
2016-04-06,422.07,3.25,0.0073,2066.66,660.18,408.19,14.09,,,,,
2016-04-07,421.26,3.245,0.0073,2041.91,667.58,409.73,16.16,,,,,
2016-04-08,420.14,3.222,0.0068,2047.6,670.98,408.97,15.36,,,,,
2016-04-11,420.25,3.213,0.0061,2041.99,678.66,409.13,16.26,,,,,
2016-04-12,421.43,3.22,0.0062,2061.72,680.22,408.17,14.85,,,,,
2016-04-13,424.74,3.247,0.006,2082.42,673.43,409.28,13.84,,,,,
2016-04-14,423.47,3.24,0.0059,2082.78,661.68,409.23,13.72,,,,,
2016-04-15,424.02,3.235,0.0064,2080.73,666.05,410.36,13.62,,,,,
2016-04-18,426.26,3.254,0.0066,2094.34,666.28,410.17,13.35,,,,,
2016-04-19,427.69,3.24,0.0067,2100.8,676.69,410.64,13.24,,,,,
2016-04-20,434.92,3.274,0.007,2102.4,676.75,409.69,13.28,,,,,
2016-04-21,441.16,3.268,0.007,2091.48,674.54,409.83,13.95,,,,,
2016-04-22,449.34,3.333,0.0073,2091.58,663.6,409.79,13.22,,,,,
2016-04-25,457.56,3.573,0.0072,2087.79,669.11,409.76,14.08,,,,,
2016-04-26,461.73,3.771,0.0073,2091.7,670.84,409.45,13.96,,,,,
2016-04-27,466,4.003,0.0069,2095.15,674.62,411.1,13.77,,,,,
2016-04-28,447.01,3.963,0.0066,2075.81,683.26,411.15,15.22,,,,,
2016-04-29,448.48,3.771,0.0067,2065.3,696.27,412.59,15.7,,,,,
2016-05-02,452.24,3.698,0.0066,2081.43,699.14,411.43,14.68,,,,,
2016-05-03,444.18,3.673,0.0067,2063.37,696.99,412.66,15.6,,,,,
2016-05-04,450.27,3.729,0.0065,2051.12,687.61,412.7,16.05,,,,,
2016-05-05,445.8,3.733,0.0063,2050.63,686.48,413.5,15.91,,,,,
2016-05-06,448.08,3.698,0.0061,2057.14,698.19,412.44,14.72,,,,,
2016-05-09,457.87,3.913,0.0063,2058.69,683.43,412.75,14.57,,,,,
2016-05-10,460.44,4.031,0.0064,2084.39,682.47,412.88,13.63,,,,,
2016-05-11,449.36,3.781,0.0063,2064.46,688.27,413.5,14.69,,,,,
2016-05-12,452.5,3.864,0.0061,2064.11,685.83,412.58,14.41,,,,,
2016-05-13,454.43,3.838,0.0061,2046.61,686.64,413.73,15.04,,,,,
2016-05-16,458.11,4.051,0.0061,2066.66,687.52,412.64,14.68,,,,,
2016-05-17,454.87,4.005,0.0061,2047.21,689.08,412.6,15.57,,,,,
2016-05-18,453.25,3.996,0.006,2047.63,687.8,409.8,15.95,,,,,
2016-05-19,454.22,4.002,0.0058,2040.04,677.3,410.64,16.33,,,,,
2016-05-20,442.66,3.877,0.0062,2052.32,676.44,410.56,15.2,,,,,
2016-05-23,439.62,3.939,0.0059,2048.04,675.87,410.73,15.82,,,,,
2016-05-24,443.69,3.973,0.0058,2076.06,663.65,410.55,14.42,,,,,
2016-05-25,446.11,3.943,0.0058,2090.54,660.64,410.43,13.9,,,,,
2016-05-26,449.78,4.041,0.0056,2090.1,658.54,412.03,13.43,,,,,
2016-05-27,453.3,4.083,0.0057,2099.06,655.32,411.84,13.12,,,,,
2016-05-31,532.26,4.536,0.0058,2096.96,655.78,412.35,14.19,,,,,
2016-06-01,528.92,4.565,0.0056,2099.33,654.27,411.97,14.2,,,,,
2016-06-02,537.4,4.67,0.0058,2105.26,653.15,412.84,13.63,,,,,
2016-06-03,537.1,4.667,0.0058,2099.13,669.48,415.24,13.47,,,,,
2016-06-06,574.91,4.787,0.0058,2109.41,671.92,414.95,13.65,,,,,
2016-06-07,583.58,4.923,0.0059,2112.13,671.71,415.47,14.05,,,,,
2016-06-08,575.58,4.739,0.0058,2119.12,679.96,416.06,14.08,,,,,
2016-06-09,580.51,4.739,0.0057,2115.48,685.56,416.8,14.64,,,,,
2016-06-10,574.69,4.707,0.0057,2096.07,687.29,417.44,17.03,,,,,
2016-06-13,666.55,5.106,0.0056,2079.06,693.23,417.62,20.97,,,,,
2016-06-14,700.07,5.206,0.0058,2075.32,693.89,417.05,20.5,,,,,
2016-06-15,685.14,5.152,0.0073,2071.5,694,417.37,20.14,,,,,
2016-06-16,690.77,5.171,0.0066,2077.99,699.44,417.67,19.37,,,,,
2016-06-17,761.21,5.491,0.0066,2071.22,697.51,416.61,19.41,,,,,
2016-06-20,761.04,5.484,0.0072,2083.25,696.07,416.33,18.37,,,,,
2016-06-21,733.97,5.217,0.0065,2088.9,685.52,416,18.48,,,,,
2016-06-22,667.38,4.738,0.0058,2085.45,684.18,416.43,21.17,,,,,
2016-06-23,590.56,3.774,0.0068,2113.32,680.46,415.49,17.25,,,,,
2016-06-24,620.84,3.782,0.0063,2037.41,712.42,417.5,25.76,,,,,
2016-06-27,625.41,4.001,0.0065,2000.54,713.67,420.15,23.85,,,,,
2016-06-28,644.66,4.074,0.0063,2036.09,710.01,420.44,18.75,,,,,
2016-06-29,644.89,4.061,0.0072,2070.77,714.87,420.78,16.64,,,,,
2016-06-30,636.54,4.033,0.007,2098.86,711.48,420.64,15.63,,,,,
2016-07-01,670.02,4.16,0.0066,2102.95,721.4,422.05,14.77,,,,,
2016-07-05,675.16,4.456,0.0066,2088.55,732.03,425.03,15.58,,,,,
2016-07-06,663.67,4.364,0.0064,2099.73,736.56,424.74,14.96,,,,,
2016-07-07,672.7,4.428,0.0065,2097.9,733.87,425.39,14.76,,,,,
2016-07-08,635.25,4.069,0.0066,2129.9,731.88,426.55,13.2,,,,,
2016-07-11,647.11,4.092,0.0064,2137.16,730.94,426.03,13.54,,,,,
2016-07-12,646.71,4.07,0.0062,2152.14,719.52,424.66,13.55,,,,,
2016-07-13,670.56,4.164,0.0065,2152.43,724.02,426.12,13.04,,,,,
2016-07-14,661.15,4.137,0.0065,2163.75,717.86,424.75,12.82,,,,,
2016-07-15,657.25,4.134,0.0065,2161.74,715.3,423.43,12.67,,,,,
2016-07-18,676.33,4.139,0.0067,2166.89,716.33,423.78,12.44,,,,,
2016-07-19,670.38,4.127,0.0065,2163.78,718,424.51,11.97,,,,,
2016-07-20,671.1,4.138,0.0064,2173.02,711.04,424.12,11.77,,,,,
2016-07-21,664.4,4.105,0.0064,2165.17,717.48,424.53,12.74,,,,,
2016-07-22,664.62,4.119,0.0065,2175.03,713.52,424.69,12.02,,,,,
2016-07-25,659.29,4.048,0.0063,2168.48,711.23,424.66,12.87,,,,,
2016-07-26,654,4.031,0.0062,2169.18,711.83,424.69,13.05,,,,,
2016-07-27,654.38,3.947,0.0058,2166.58,715.16,425.81,12.83,,,,,
2016-07-28,654.54,3.959,0.006,2170.06,718.76,425.61,12.72,,,,,
2016-07-29,654.13,3.955,0.006,2173.6,727.5,426.91,11.87,,,,,
2016-08-01,621.87,3.941,0.006,2170.84,728.64,425.49,12.44,,,,,
2016-08-02,607,3.881,0.0057,2157.03,735.61,424.13,13.37,,,,,
2016-08-03,513.43,3.503,0.0057,2163.79,731.39,423.96,12.86,,,,,
2016-08-04,566.44,3.703,0.0056,2164.25,732.84,425.21,12.42,,,,,
2016-08-05,576.22,3.723,0.0061,2182.87,720.52,423.61,11.39,,,,,
2016-08-08,590.85,3.762,0.0062,2180.89,718.87,424.25,11.5,,,,,
2016-08-09,589.24,3.776,0.006,2181.74,721.77,425.69,11.66,,,,,
2016-08-10,585.25,3.74,0.0063,2175.49,724.57,426.69,12.05,,,,,
2016-08-11,590.94,3.755,0.0062,2185.79,723.56,425.14,11.68,,,,,
2016-08-12,587.84,3.746,0.0061,2184.05,719.92,426.68,11.55,,,,,
2016-08-15,569.06,3.622,0.0059,2190.15,722.24,426.03,11.81,,,,,
2016-08-16,566.95,3.575,0.0062,2178.15,727.28,425.62,12.64,,,,,
2016-08-17,580.19,3.631,0.0062,2182.22,722.95,426.29,12.19,,,,,
2016-08-18,572.34,3.589,0.0061,2187.02,727.46,427.06,11.43,,,,,
2016-08-19,573.39,3.596,0.0059,2183.87,721.57,426.27,11.34,,,,,
2016-08-22,580.66,3.61,0.006,2182.64,720.08,427.75,12.27,,,,,
2016-08-23,587.47,3.656,0.0057,2186.9,721.54,427.81,12.38,,,,,
2016-08-24,583.56,3.944,0.0058,2175.44,712.75,427.83,13.45,,,,,
2016-08-25,579.66,3.837,0.0061,2172.47,710.03,427.32,13.63,,,,,
2016-08-26,577.96,3.794,0.0062,2169.04,710.73,426.11,13.65,,,,,
2016-08-29,574.98,3.734,0.0061,2180.38,711.39,428.19,12.94,,,,,
2016-08-30,574.23,3.765,0.0065,2176.12,705.72,427.87,13.12,,,,,
2016-08-31,577.32,3.803,0.006,2170.95,702.99,427.83,13.42,,,,,
2016-09-01,573.88,3.788,0.006,2170.86,706.05,427.68,13.48,,,,,
2016-09-02,571.99,3.816,0.0059,2179.98,711.2,426.86,11.98,,,,,
2016-09-06,605.76,3.965,0.0059,2186.48,725.86,428.28,12.02,,,,,
2016-09-07,610.44,3.948,0.006,2186.16,723.3,428.15,11.94,,,,,
2016-09-08,613.21,3.954,0.0059,2181.3,719.23,425.83,12.51,,,,,
2016-09-09,625.57,3.974,0.0059,2127.81,715.43,423.94,17.5,,,,,
2016-09-12,605.61,3.85,0.0058,2159.04,710.68,423.74,15.16,,,,,
2016-09-13,607.98,3.809,0.0059,2127.02,709.67,421.74,17.85,,,,,
2016-09-14,608.61,3.812,0.0059,2125.77,710.96,422.82,18.14,,,,,
2016-09-15,609.54,3.822,0.0061,2147.26,706.63,422.46,16.3,,,,,
2016-09-16,608.11,3.802,0.0091,2139.16,702.45,422.66,15.37,,,,,
2016-09-19,610.7,3.829,0.007,2139.12,706.55,423.04,15.53,,,,,
2016-09-20,609.85,3.822,0.007,2139.76,706.77,423.42,15.92,,,,,
2016-09-21,609.24,3.827,0.0068,2163.12,713.85,424.15,13.3,,,,,
2016-09-22,597.16,3.772,0.0068,2177.18,720.99,425.66,12.02,,,,,
2016-09-23,595.63,3.757,0.0068,2164.69,719.39,426.26,12.29,,,,,
2016-09-26,601.49,3.798,0.0082,2146.1,720.69,426.75,14.5,,,,,
2016-09-27,606.54,3.848,0.0077,2159.93,713.35,427.65,13.1,,,,,
2016-09-28,605.47,3.843,0.0084,2171.37,709.76,427.49,12.39,,,,,
2016-09-29,604.67,3.834,0.0087,2151.13,711,427.97,14.02,,,,,
2016-09-30,604.7,3.842,0.0091,2168.27,706.24,426.59,13.29,,,,,
2016-10-03,610.69,3.835,0.008,2161.2,703.89,426.6,13.57,,,,,
2016-10-04,611.6,3.828,0.0082,2150.49,680.84,425.15,13.63,,,,,
2016-10-05,608.96,3.828,0.0078,2159.73,680.26,424.67,12.99,,,,,
2016-10-06,611.82,3.837,0.0073,2160.77,671.9,424.39,12.84,,,,,
2016-10-07,610.97,3.823,0.0075,2153.74,671.31,424.51,13.48,,,,,
2016-10-10,615.77,3.805,0.0075,2163.66,675.89,424.47,13.38,,,,,
2016-10-11,617.29,3.773,0.0081,2136.73,673.48,424.43,15.36,,,,,
2016-10-12,640.45,3.807,0.0078,2139.18,672.36,424.14,15.91,,,,,
2016-10-13,635.99,3.795,0.0079,2132.55,674.41,425.18,16.69,,,,,
2016-10-14,635.6,3.879,0.008,2132.98,673.29,423.6,16.12,,,,,
2016-10-17,640.12,3.863,0.008,2126.5,673.9,424.68,16.21,,,,,
2016-10-18,637.37,3.84,0.0081,2139.6,677.28,425.38,15.28,,,,,
2016-10-19,635.34,3.815,0.0084,2144.29,681.04,425.65,14.41,,,,,
2016-10-20,629.06,3.789,0.0086,2141.34,679.76,425.92,13.75,,,,,
2016-10-21,628.34,3.771,0.0092,2141.16,679.87,425.94,13.34,,,,,
2016-10-24,653.03,3.883,0.0089,2151.33,677.75,425.4,13.02,,,,,
2016-10-25,650.49,3.845,0.0089,2143.16,683.06,425.55,13.46,,,,,
2016-10-26,651,3.853,0.0089,2139.43,679.32,424.39,14.24,,,,,
2016-10-27,674.67,3.923,0.0088,2133.04,680.88,422.97,15.36,,,,,
2016-10-28,682.3,3.984,0.0083,2126.41,684.8,422.7,16.19,,,,,
2016-10-31,697.27,3.964,0.008,2126.15,682.84,423.11,17.06,,,,,
2016-11-01,698.67,3.964,0.008,2111.72,690.83,423.06,18.56,,,,,
2016-11-02,726.76,4.063,0.008,2097.94,701.67,422.91,19.32,,,,,
2016-11-03,733.51,4.082,0.0082,2088.66,699.05,422.21,22.08,,,,,
2016-11-04,684.87,3.828,0.0081,2085.18,699.7,422.88,22.51,,,,,
2016-11-07,709.91,3.869,0.0081,2131.52,686.26,422.37,18.71,,,,,
2016-11-08,705.4,3.842,0.0083,2139.56,683.62,421.72,18.74,,,,,
2016-11-09,710.9,3.824,0.0083,2163.26,683.09,416.57,14.38,,,,,
2016-11-10,721.42,3.846,0.0082,2167.48,679.14,416.23,14.74,,,,,
2016-11-11,714.57,3.804,0.0082,2164.45,656.32,415.015,14.17,,,,,
2016-11-14,701.97,3.854,0.008,2164.2,655.06,413.8,14.48,,,,,
2016-11-15,704.56,3.86,0.0079,2180.39,656.62,413.77,13.37,,,,,
2016-11-16,711.1,3.867,0.0077,2176.94,656.36,414.65,13.72,,,,,
2016-11-17,740.28,3.888,0.0077,2187.12,652.46,413.31,13.35,,,,,
2016-11-18,737.53,3.884,0.0078,2181.9,648.19,411.96,12.85,,,,,
2016-11-21,728.51,3.878,0.0077,2198.18,648.81,411.9,12.42,,,,,
2016-11-22,736.19,3.923,0.0074,2202.94,649.57,412.2,12.41,,,,,
2016-11-23,749.34,3.912,0.0074,2204.72,637.96,411.64,12.43,,,,,
2016-11-25,735.31,3.865,0.0069,2213.35,631.88,411.61,12.34,,,,,
2016-11-28,729.42,3.86,0.0068,2201.72,638.76,412.91,13.15,,,,,
2016-11-29,733.3,3.868,0.0068,2204.66,637.16,413.65,12.9,,,,,
2016-11-30,732.56,3.841,0.0067,2198.81,628.13,412.5,13.33,,,,,
2016-12-01,742.49,3.866,0.0068,2191.08,625.73,411,14.07,,,,,
2016-12-02,752.63,3.887,0.0066,2191.95,630.23,412.17,14.12,,,,,
2016-12-05,766.39,3.892,0.0064,2204.71,629.56,412.53,12.14,,,,,
2016-12-06,754.34,3.495,0.0063,2212.23,626.14,412.34,11.79,,,,,
2016-12-07,758.21,3.499,0.0067,2241.35,630.11,413.89,12.22,,,,,
2016-12-08,765.56,3.63,0.007,2246.19,627.39,412.97,12.64,,,,,
2016-12-09,768.49,3.667,0.007,2259.53,621.78,411.44,11.75,,,,,
2016-12-12,767.91,3.633,0.0068,2256.96,623.89,411.58,12.64,,,,,
2016-12-13,778.47,3.65,0.0067,2271.72,620.26,411.91,12.72,,,,,
2016-12-14,778.74,3.633,0.0067,2253.28,622.79,411.4,13.19,,,,,
2016-12-15,776.5,3.61,0.0068,2262.03,604.65,410.73,12.79,,,,,
2016-12-16,775.21,3.629,0.0066,2258.07,608.73,410.08,12.2,,,,,
2016-12-19,789.01,3.664,0.0065,2262.53,611.59,411.67,11.71,,,,,
2016-12-20,789.79,3.641,0.0065,2270.76,606.73,411,11.45,,,,,
2016-12-21,799.1,3.641,0.0065,2265.18,606.53,411.7,11.27,,,,,
2016-12-22,829.21,3.63,0.0066,2260.96,605.2,411.84,11.43,,,,,
2016-12-23,860.15,3.669,0.0064,2263.79,606.76,412.33,11.44,,,,,
2016-12-27,898.38,4.199,0.0063,2268.88,609.58,411.75,11.99,,,,,
2016-12-28,925.78,4.304,0.0061,2249.92,610.71,413.19,12.95,,,,,
2016-12-29,972.17,4.424,0.0062,2249.26,619.93,413.87,13.37,,,,,
2016-12-30,971.08,4.469,0.0065,2238.83,616.51,414.9,14.04,,,,,
2017-01-03,1017.05,4.538,0.0063,2257.83,622.06,415.09,12.85,,,,,
2017-01-04,1033.3,4.513,0.0064,2270.75,623.84,415.55,11.85,,,,,
2017-01-05,1135.41,4.421,0.0064,2269,632.41,417.82,11.67,,,,,
2017-01-06,989.35,4.157,0.0063,2276.98,628.19,416.59,11.32,,,,,
2017-01-09,900.86,3.914,0.0063,2268.9,634.38,417.63,11.56,,,,,
2017-01-10,899.78,4.252,0.0062,2268.9,634.71,417.41,11.49,,,,,
2017-01-11,904.37,4.467,0.0068,2275.32,640.68,417.7,11.26,,,,,
2017-01-12,785.43,3.842,0.0065,2270.44,642.4,417.73,11.54,,,,,
2017-01-13,810.11,3.939,0.0064,2274.64,640.4,417.4,11.23,,,,,
2017-01-17,827.34,3.819,0.0071,2267.89,649.4,418.84,11.87,,,,,
2017-01-18,899.66,3.893,0.0068,2271.89,648.93,417.19,12.48,,,,,
2017-01-19,872.03,3.803,0.0068,2263.69,643.23,415.84,12.78,,,,,
2017-01-20,895.21,3.818,0.0068,2271.31,645.05,415.76,11.54,,,,,
2017-01-23,918.84,3.815,0.0068,2265.2,650.85,417.48,11.77,,,,,
2017-01-24,921.46,3.816,0.0067,2280.07,648.24,415.8,11.07,,,,,
2017-01-25,893.75,3.746,0.0065,2298.37,641.25,414.84,10.81,,,,,
2017-01-26,894.41,3.662,0.0065,2296.68,636.99,415.37,10.63,,,,,
2017-01-27,915.56,3.808,0.0063,2294.69,636.25,416.21,10.58,,,,,
2017-01-30,914.55,3.823,0.0063,2280.9,638.9,415.89,11.88,,,,,
2017-01-31,920.73,3.991,0.0065,2278.87,647.13,416.4,11.99,,,,,
2017-02-01,965.49,4.019,0.0064,2279.55,645.48,415.77,11.81,,,,,
2017-02-02,982.43,4,0.0065,2280.85,651.42,415.91,11.93,,,,,
2017-02-03,1003.97,4.031,0.0064,2297.42,652.18,415.49,10.97,,,,,
2017-02-06,1016.11,3.966,0.0063,2292.56,658.25,417.51,11.37,,,,,
2017-02-07,1024.67,3.926,0.0064,2293.08,660.39,418.14,11.29,,,,,
2017-02-08,1049.56,3.929,0.0064,2294.67,662.22,419.12,11.45,,,,,
2017-02-09,1055.49,3.925,0.0064,2307.87,660.79,417.77,10.88,,,,,
2017-02-10,978.96,3.669,0.0063,2316.1,660.31,417.61,10.85,,,,,
2017-02-13,996.52,3.725,0.0063,2328.25,654.95,417.32,11.07,,,,,
2017-02-14,995.36,3.737,0.0062,2337.58,654.74,416.67,10.74,,,,,
2017-02-15,1008.34,3.804,0.0062,2349.25,658.87,416.12,11.97,,,,,
2017-02-16,1008.19,3.812,0.0061,2347.22,663.42,417.42,11.76,,,,,
2017-02-17,1031.93,3.839,0.0059,2351.16,662.09,418,11.49,,,,,
2017-02-21,1077.56,3.735,0.006,2365.38,662.03,418.12,11.57,,,,,
2017-02-22,1119.03,3.776,0.0059,2362.82,659.04,418.36,11.74,,,,,
2017-02-23,1120.46,3.796,0.0058,2363.81,668.72,419.23,11.71,,,,,
2017-02-24,1171.91,3.796,0.0059,2367.34,672.42,421,11.47,,,,,
2017-02-27,1171.58,3.818,0.0057,2369.75,672.72,420.1,12.09,,,,,
2017-02-28,1188.83,3.829,0.0056,2363.64,670.11,420.52,12.92,,,,,
2017-03-01,1189.27,3.773,0.0056,2395.96,668.04,418.22,12.54,,,,,
2017-03-02,1222.66,3.804,0.0054,2381.92,658.91,417.9,11.81,,,,,
2017-03-03,1255.47,3.96,0.0061,2383.12,655.5,417.97,10.96,,,,,
2017-03-06,1271.22,3.969,0.006,2375.31,654.99,417.83,11.24,,,,,
2017-03-07,1277.01,4.047,0.006,2368.39,649.98,417.03,11.45,,,,,
2017-03-08,1232.69,3.965,0.0067,2362.98,646.41,415.75,11.86,,,,,
2017-03-09,1146.97,3.804,0.0065,2364.87,643.12,414.1,12.3,,,,,
2017-03-10,1191.33,3.885,0.0065,2372.6,642.14,414.54,11.66,,,,,
2017-03-13,1225.11,3.867,0.0063,2373.47,643.13,413.87,11.35,,,,,
2017-03-14,1238.19,4.358,0.0064,2365.45,642.77,414.04,12.3,,,,,
2017-03-15,1243.14,4.173,0.0064,2385.26,641.72,416.36,11.63,,,,,
2017-03-16,1253.43,4.262,0.0063,2381.38,655.8,416.09,11.21,,,,,
2017-03-17,1172.88,4.325,0.0063,2378.25,657.42,416.72,11.28,,,,,
2017-03-20,1022.6,3.983,0.0067,2373.47,659.59,417.48,11.34,,,,,
2017-03-21,1047.51,4.121,0.0069,2344.02,666.22,418.35,12.47,,,,,
2017-03-22,1121.29,4.09,0.0068,2348.45,667.94,419.09,12.81,,,,,
2017-03-23,1044.72,3.976,0.0072,2345.96,666.51,418.75,13.12,,,,,
2017-03-24,1035.03,4.02,0.011,2343.98,667.38,419.39,12.96,,,,,
2017-03-27,969.44,4.099,0.0094,2341.59,671.21,419.96,12.5,,,,,
2017-03-28,1045.14,4.105,0.0094,2358.57,671.22,419.23,11.53,,,,,
2017-03-29,1044.42,4.196,0.0096,2361.13,670.17,420.01,11.42,,,,,
2017-03-30,1041.9,4.319,0.0102,2368.06,665.49,419.49,11.54,,,,,
2017-03-31,1037.91,7.504,0.0138,2362.72,667.21,419.92,12.37,,,,,
2017-04-03,1097.4,8.224,0.0615,2358.84,668.75,420.92,12.38,,,,,
2017-04-04,1147.56,8.574,0.032,2360.16,671.11,420.78,11.79,,,,,
2017-04-05,1141.77,8.969,0.0379,2352.95,665.84,420.75,12.89,,,,,
2017-04-06,1129.87,12.39,0.0356,2357.49,668.42,421.19,12.39,,,,,
2017-04-07,1188.7,10.7,0.0332,2355.54,670.57,420.68,12.87,,,,,
2017-04-10,1204.34,9.206,0.0342,2357.16,668.8,421.17,14.05,,,,,
2017-04-11,1206.71,9.799,0.034,2353.78,679.64,422.79,15.07,,,,,
2017-04-12,1220.74,9.665,0.0332,2344.93,681.74,422.81,15.77,,,,,
2017-04-13,1212.53,11.6,0.0346,2328.95,687.3,424.19,15.96,,,,,
2017-04-17,1176.8,11.73,0.0331,2349.01,689.18,423.73,14.66,,,,,
2017-04-18,1194.01,11.26,0.0333,2342.19,690.37,425.45,14.42,,,,,
2017-04-19,1206.09,11.06,0.0328,2338.17,684.67,424.99,14.93,,,,,
2017-04-20,1215.2,10.29,0.0304,2355.84,684.9,424.08,14.15,,,,,
2017-04-21,1238.09,10.97,0.03,2348.69,687.74,424.19,14.63,,,,,
2017-04-24,1249.14,15.15,0.0314,2374.15,681.6,423.55,10.84,,,,,
2017-04-25,1248.18,14.87,0.0315,2388.61,676.12,422.45,10.76,,,,,
2017-04-26,1264.31,15.06,0.0322,2387.45,674.54,422.96,10.85,,,,,
2017-04-27,1286.63,14.89,0.0328,2388.77,675.46,423.33,10.36,,,,,
2017-04-28,1332.91,14.66,0.0352,2384.2,676.76,423.88,10.82,,,,,
2017-05-01,1351.91,15.63,0.0522,2388.33,669.97,422.65,10.11,,,,,
2017-05-02,1415.81,15.74,0.0538,2391.17,670.79,423.49,10.59,,,,,
2017-05-03,1445.93,15.57,0.0538,2388.13,666.27,423.62,10.68,,,,,
2017-05-04,1485.55,20.53,0.0611,2389.52,655.66,422.63,10.46,,,,,
2017-05-05,1516.76,22.95,0.08,2399.29,654.77,422.71,10.57,,,,,
2017-05-08,1554.45,29.5,0.1391,2399.38,654.93,422.47,9.77,,,,,
2017-05-09,1664.47,28.1,0.1917,2396.92,649.08,421.95,9.96,,,,,
2017-05-10,1697.5,31.77,0.1564,2399.63,650.59,422.11,10.21,,,,,
2017-05-11,1752.31,31.28,0.187,2394.44,653.42,422.56,10.6,,,,,
2017-05-12,1819.29,29.88,0.1837,2390.9,655.25,424.01,10.4,,,,,
2017-05-15,1772.55,28.07,0.2171,2402.32,656.52,424.15,10.42,,,,,
2017-05-16,1708.92,24.5,0.2631,2400.67,659.89,424.73,10.65,,,,,
2017-05-17,1729.34,22.83,0.325,2357.03,671.78,427.2,15.59,,,,,
2017-05-18,1801.3,25.06,0.375,2365.72,668.66,426.76,14.66,,,,,
2017-05-19,1880.99,27.88,0.3575,2381.73,669.05,426.77,12.04,,,,,
2017-05-22,2044.19,26.02,0.324,2394.02,673.36,426.75,10.93,,,,,
2017-05-23,2124.41,24.79,0.2988,2398.42,670.23,426.12,10.72,,,,,
2017-05-24,2272.58,31.36,0.3229,2404.39,668.97,426.47,10.02,,,,,
2017-05-25,2445.28,34.8,0.29,2415.07,670.75,426.74,9.99,,,,,
2017-05-26,2306.96,28.32,0.24,2415.82,676.94,426.93,9.81,,,,,
2017-05-30,2278.21,25.33,0.2324,2412.91,673.97,427.83,10.38,,,,,
2017-05-31,2192.55,23.89,0.2042,2411.8,679.16,428.48,10.41,,,,,
2017-06-01,2303.34,25.91,0.2475,2430.06,676.35,428.14,9.89,,,,,
2017-06-02,2412.65,27.55,0.3364,2439.07,681.75,429.58,9.75,,,,,
2017-06-05,2524.06,27.89,0.2941,2436.1,683.13,429.23,10.07,,,,,
2017-06-06,2704.96,30.78,0.2888,2429.33,691.03,430.08,10.45,,,,,
2017-06-07,2870.5,30.07,0.284,2433.14,688.76,429.44,10.39,,,,,
2017-06-08,2691.51,28.47,0.2762,2433.79,681.49,429.02,10.16,,,,,
2017-06-09,2798.78,29.9,0.2869,2431.77,677.19,429.02,10.7,,,,,
2017-06-12,2973.45,33.63,0.2701,2429.39,675.91,428.74,11.46,,,,,
2017-06-13,2656.77,28.98,0.2467,2440.35,675.77,429.04,10.42,,,,,
2017-06-14,2712.99,30.38,0.2626,2437.92,679.68,431.05,10.64,,,,,
2017-06-15,2467.27,29.19,0.2623,2432.46,668.35,430.63,10.9,,,,,
2017-06-16,2442.46,29.29,0.245,2433.15,669.38,430.75,10.38,,,,,
2017-06-19,2539.56,43.8,0.2651,2453.46,664.22,430.48,10.37,,,,,
2017-06-20,2616.82,47.37,0.281,2437.03,662.53,431.61,10.86,,,,,
2017-06-21,2754.38,45.68,0.308,2435.61,663.77,431.71,10.75,,,,,
2017-06-22,2677.62,44.5,0.2726,2434.5,665.71,431.69,10.48,,,,,
2017-06-23,2722.84,46.16,0.2779,2438.3,669.46,432.08,10.02,,,,,
2017-06-26,2541.62,41.28,0.2577,2439.07,664.19,432.61,9.9,,,,,
2017-06-27,2446.05,38.53,0.2461,2419.38,664.47,431.47,11.06,,,,,
2017-06-28,2583.75,40.24,0.2618,2440.69,665.66,430.92,10.03,,,,,
2017-06-29,2577.74,41.89,0.2686,2419.7,663.92,430.26,11.44,,,,,
2017-06-30,2558.37,40.13,0.2561,2423.41,662.08,429.64,11.18,,,,,
2017-07-03,2536.46,41.26,0.2537,2429.01,649.82,428.91,11.22,,,,,
2017-07-05,2617.32,54.51,0.2473,2432.54,651.19,429.33,11.07,,,,,
2017-07-06,2627.86,52.92,0.252,2409.75,652.06,428.73,12.54,,,,,
2017-07-07,2614.24,51.04,0.2506,2425.18,644.83,428.29,11.19,,,,,
2017-07-10,2511.43,48.63,0.2261,2427.43,646.75,428.85,11.11,,,,,
2017-07-11,2344.02,45,0.1883,2425.53,647.57,429.02,10.89,,,,,
2017-07-12,2324.29,43.98,0.1778,2443.25,649.93,430.12,10.3,,,,,
2017-07-13,2403.09,47.14,0.1958,2447.83,648.93,429.82,9.9,,,,,
2017-07-14,2362.44,45.69,0.1925,2459.27,654.36,430.39,9.51,,,,,
2017-07-17,1914.09,40.7,0.1461,2459.14,657.7,431.17,9.82,,,,,
2017-07-18,2233.39,42.17,0.1723,2460.61,662.02,432.32,9.89,,,,,
2017-07-19,2320.23,43.35,0.1788,2473.83,662.04,432.45,9.79,,,,,
2017-07-20,2282.58,40.11,0.163,2473.45,663.8,432.72,9.58,,,,,
2017-07-21,2866.02,44.35,0.1925,2472.54,668.54,433.72,9.36,,,,,
2017-07-24,2756.61,44.67,0.1966,2469.91,668.44,433.33,9.43,,,,,
2017-07-25,2763.42,44.77,0.1915,2477.13,667.3,431.61,9.43,,,,,
2017-07-26,2582.58,42.3,0.1744,2477.83,665.78,432.61,9.6,,,,,
2017-07-27,2559.21,42.03,0.1723,2475.42,671.58,432.01,10.11,,,,,
2017-07-28,2691.88,41.89,0.1725,2472.1,676.27,432.69,10.29,,,,,
2017-07-31,2766.49,40.61,0.1633,2470.3,675.33,432.66,10.26,,,,,
2017-08-01,2883.27,42.38,0.1648,2476.35,678.53,433.88,10.09,,,,,
2017-08-02,2746.99,43.16,0.1776,2477.57,678.02,433.52,10.28,,,,,
2017-08-03,2720.53,41.92,0.1709,2472.16,675.92,434.25,10.44,,,,,
2017-08-04,2809.99,42.75,0.1748,2476.83,670.74,433.53,10.03,,,,,
2017-08-07,3232.03,45.56,0.1802,2480.91,670.86,433.33,9.93,,,,,
2017-08-08,3401.91,46.11,0.1782,2474.92,669.76,432.37,10.96,,,,,
2017-08-09,3429.38,49.13,0.1967,2474.02,678.64,432.48,11.11,,,,,
2017-08-10,3348.79,47.78,0.1841,2438.21,684.39,432.67,16.04,,,,,
2017-08-11,3425.67,46.97,0.1809,2441.32,686.48,432.62,15.51,,,,,
2017-08-14,4062.6,45.49,0.1657,2465.84,684.63,432.37,12.33,,,,,
2017-08-15,4327.94,45.7,0.1683,2464.61,678.97,431.96,12.04,,,,,
2017-08-16,4161.66,43.17,0.1577,2468.11,680.69,433.09,11.74,,,,,
2017-08-17,4387.4,43.97,0.1603,2430.01,685.75,433.63,15.55,,,,,
2017-08-18,4278.92,43.83,0.1578,2425.55,685.34,433.44,14.26,,,,,
2017-08-21,4066.6,45.81,0.1587,2428.37,688.11,433.85,13.19,,,,,
2017-08-22,4005.1,48.09,0.1958,2452.51,685.1,433.18,11.35,,,,,
2017-08-23,4089.7,46.4,0.2421,2444.04,687.08,434.15,12.25,,,,,
2017-08-24,4141.09,53.44,0.2457,2438.97,685.67,433.88,12.23,,,,,
2017-08-25,4318.35,50.36,0.2173,2443.05,688.82,434.38,11.28,,,,,
2017-08-28,4345.75,61.08,0.2017,2444.24,698.11,434.64,11.32,,,,,
2017-08-29,4390.31,62.36,0.2252,2446.3,700.04,434.77,11.7,,,,,
2017-08-30,4597.31,63.76,0.2199,2457.59,697.51,434.86,11.22,,,,,
2017-08-31,4583.02,65.97,0.2319,2471.65,701.83,435.47,10.59,,,,,
2017-09-01,4735.11,73.03,0.2593,2476.55,706.21,434.57,10.13,,,,,
2017-09-05,4267.45,68.89,0.2045,2457.85,713.77,436.65,12.23,,,,,
2017-09-06,4409.08,73.73,0.2168,2465.54,710.87,435.61,11.63,,,,,
2017-09-07,4618.71,81.44,0.2314,2465.1,716.89,436.66,11.55,,,,,
2017-09-08,4635.6,80.25,0.2271,2461.43,717.39,436.46,12.12,,,,,
2017-09-11,4245.89,67.08,0.2173,2488.11,709.22,435.06,10.73,,,,,
2017-09-12,4217.9,68.13,0.2143,2496.48,707.65,434.2,10.58,,,,,
2017-09-13,4158.92,65.89,0.2095,2498.37,705.17,433.94,10.5,,,,,
2017-09-14,3870.29,61.78,0.1983,2495.62,705.88,434.4,10.44,,,,,
2017-09-15,3243.08,45.2,0.1711,2500.23,703.73,434.63,10.17,,,,,
2017-09-18,3689.61,51,0.1814,2503.87,696.14,434.38,10.15,,,,,
2017-09-19,4100.28,56.16,0.1933,2506.65,696.05,434.58,10.18,,,,,
2017-09-20,3907.96,52.8,0.1848,2508.24,699.15,434.18,9.78,,,,,
2017-09-21,3882.16,51.56,0.1817,2500.6,687.7,434.39,9.67,,,,,
2017-09-22,3617.27,46.46,0.171,2502.22,689.16,434.73,9.59,,,,,
2017-09-25,3667.52,47.5,0.1757,2496.66,696.65,435.94,10.21,,,,,
2017-09-26,3932.83,52.27,0.1846,2496.84,691.47,435.95,10.17,,,,,
2017-09-27,3892.7,52.27,0.1892,2507.04,684.1,434.2,9.87,,,,,
2017-09-28,4212.2,56.9,0.2099,2510.06,684.6,434.7,9.55,,,,,
2017-09-29,4195.65,54.91,0.2023,2519.36,682.55,434.96,9.51,,,,,
2017-10-02,4403.09,54.8,0.2083,2529.12,677.83,435.08,9.45,,,,,
2017-10-03,4401.32,53.29,0.2031,2534.58,677.21,435.77,9.51,,,,,
2017-10-04,4314.18,52.15,0.2033,2537.74,678.4,435.59,9.63,,,,,
2017-10-05,4218.66,51.22,0.2135,2552.07,676.51,435.25,9.19,,,,,
2017-10-06,4321.44,51.64,0.238,2549.33,677.43,435.06,9.65,,,,,
2017-10-09,4611.7,53.3,0.2799,2544.73,682.86,435.37,10.33,,,,,
2017-10-10,4777.49,50.08,0.2501,2550.64,687.55,435.68,10.08,,,,,
2017-10-11,4763.36,50.58,0.2582,2555.24,684.97,435.7,9.85,,,,,
2017-10-12,4824.2,50.79,0.2632,2550.93,689.03,436.14,9.91,,,,,
2017-10-13,5432.62,59.72,0.2464,2553.17,693.35,437.13,9.61,,,,,
2017-10-16,5677.35,65.58,0.2652,2557.64,692.57,436.85,9.91,,,,,
2017-10-17,5759.25,64.76,0.2579,2559.36,683.66,437.22,10.31,,,,,
2017-10-18,5598.58,59.19,0.2295,2561.26,681.98,436.34,10.07,,,,,
2017-10-19,5576.71,60.55,0.217,2562.1,685.72,436.75,10.05,,,,,
2017-10-20,5698.62,59.68,0.2141,2575.21,680.69,435.78,9.97,,,,,
2017-10-23,5982.86,56.52,0.2015,2564.98,680.97,436.04,11.07,,,,,
2017-10-24,5903.61,54.63,0.1917,2569.13,679.6,435.66,11.16,,,,,
2017-10-25,5513.08,55.56,0.2038,2557.15,680,434.79,11.23,,,,,
2017-10-26,5734,56.19,0.2023,2560.4,675.02,434.58,11.3,,,,,
2017-10-27,5887.62,55.55,0.2019,2581.07,676.21,435.03,9.8,,,,,
2017-10-30,6147.7,56.75,0.2015,2572.83,679.41,436.69,10.5,,,,,
2017-10-31,6124.28,56.22,0.2024,2575.26,675.6,436.59,10.18,,,,,
2017-11-01,6449.1,55.5,0.1975,2579.36,679.24,436.41,10.2,,,,,
2017-11-02,6737.78,52.82,0.191,2579.85,679.69,437.02,9.93,,,,,
2017-11-03,7024.81,54.19,0.2003,2587.84,674.98,437.16,9.14,,,,,
2017-11-06,7389.55,54.6,0.1997,2591.13,681.63,437.57,9.4,,,,,
2017-11-07,6959.27,54.5,0.2013,2590.64,678.57,437.45,9.89,,,,,
2017-11-08,7102.23,60.52,0.2055,2594.38,682.79,436.91,9.78,,,,,
2017-11-09,7444.36,62.38,0.2167,2584.62,684.83,436.13,10.5,,,,,
2017-11-10,7129.59,64.15,0.2154,2582.3,677.8,434.19,11.29,,,,,
2017-11-13,5878.09,58.53,0.1915,2584.84,680.4,434.36,11.5,,,,,
2017-11-14,6522.45,61,0.2001,2578.87,682.54,434.63,11.59,,,,,
2017-11-15,6597.06,62.13,0.205,2564.62,679.81,435.3,13.13,,,,,
2017-11-16,7283.02,63.15,0.2083,2585.64,680.1,435.15,11.76,,,,,
2017-11-17,7853.68,70.7,0.227,2578.85,689.83,435.53,11.43,,,,,
2017-11-20,8042.64,71.76,0.2322,2582.14,678.65,435.64,10.65,,,,,
2017-11-21,8245.87,72.38,0.2409,2599.03,682.13,436.42,9.73,,,,,
2017-11-22,8099.92,69.91,0.2321,2597.08,687.77,437.42,9.88,,,,,
2017-11-24,8013.38,72.97,0.24,2602.42,685.17,437.28,9.67,,,,,
2017-11-27,9318.42,86.2,0.2445,2601.42,689.01,437.57,9.87,,,,,
2017-11-28,9732.63,90.99,0.247,2627.04,689.19,437.44,10.03,,,,,
2017-11-29,9906.04,94.22,0.2796,2626.07,682.32,436.68,10.7,,,,,
2017-11-30,9848.05,85.4,0.2356,2647.58,677.31,436.07,11.28,,,,,
2017-12-01,9947.08,85.94,0.2369,2642.22,680.3,437.53,11.43,,,,,
2017-12-04,11244.2,100.71,0.2449,2639.44,677.93,437.93,11.68,,,,,
2017-12-05,11624.37,103.86,0.2462,2629.57,671.17,438.49,11.33,,,,,
2017-12-06,11667.13,100.49,0.2337,2629.27,671.83,438.99,11.02,,,,,
2017-12-07,13750.09,98.94,0.2182,2636.98,664.95,438.12,10.16,,,,,
2017-12-08,16867.98,95.99,0.2037,2651.5,662.48,438.12,9.58,,,,,
2017-12-11,15060.45,147.46,0.2271,2659.99,661.76,437.91,9.34,,,,,
2017-12-12,16733.29,214.53,0.2451,2664.11,659.02,438.03,9.92,,,,,
2017-12-13,17083.9,327.96,0.3555,2662.85,662.71,439.21,10.18,,,,,
2017-12-14,16286.82,305.03,0.4582,2652.01,667.24,439.64,10.49,,,,,
2017-12-15,16467.91,280.02,0.8507,2675.81,667.48,440.05,9.42,,,,,
2017-12-18,19065.71,319.57,0.7118,2690.16,671.8,439.15,9.53,,,,,
2017-12-19,18971.19,357.51,0.7558,2681.47,671.14,437.89,10.03,,,,,
2017-12-20,17521.73,346.73,0.7344,2679.25,674.03,436.51,9.72,,,,,
2017-12-21,16461.09,304.77,0.7144,2684.57,674.59,437.05,9.62,,,,,
2017-12-22,15632.12,307.69,1.12,2683.34,678.96,437.23,9.9,,,,,
2017-12-26,13830.19,268.03,0.9805,2680.5,683.69,437.79,10.25,,,,,
2017-12-27,15757.02,279.47,1.07,2682.62,685.79,439.65,10.47,,,,,
2017-12-28,15416.34,264.07,1.21,2687.54,688.89,439.41,10.18,,,,,
2017-12-29,14398.45,249.84,1.26,2673.61,695.35,440,11.04,,,,,
2018-01-02,13444.88,224.34,2.05,2695.81,699.07,438.39,9.77,,,,,
2018-01-03,14754.09,251.81,2.19,2713.06,700.37,438.91,9.15,,,,,
2018-01-04,15156.49,244.63,2.73,2723.99,702.05,438.75,9.22,,,,,
2018-01-05,15180.08,238.3,2.73,2743.15,702.45,438.64,9.22,,,,,
2018-01-08,16228.26,271.57,2.78,2747.71,701.52,438.89,9.52,,,,,
2018-01-09,14976.17,254.24,2.41,2751.29,697.99,437.46,10.08,,,,,
2018-01-10,14468.09,246.02,2.06,2748.23,700.99,437.64,9.82,,,,,
2018-01-11,14920.36,249.11,1.95,2767.56,702.72,438.27,9.88,,,,,
2018-01-12,13308.06,226.53,1.93,2786.24,709.36,438.33,10.16,,,,,
2018-01-16,13634.6,231.89,1.66,2776.42,710.63,439.05,11.66,,,,,
2018-01-17,11282.49,183.7,1.15,2802.56,711.72,438.16,11.91,,,,,
2018-01-18,11162.7,188.14,1.31,2798.03,705.39,436.83,12.22,,,,,
2018-01-19,11175.52,191.03,1.57,2810.3,708.6,436.06,11.27,,,,,
2018-01-22,11549.98,190.72,1.37,2832.97,708.1,435.8,11.03,,,,,
2018-01-23,10814.52,179.42,1.34,2839.13,710.67,436.63,11.1,,,,,
2018-01-24,10853.78,177.91,1.34,2837.54,721.14,436.33,11.47,,,,,
2018-01-25,11428.11,180.59,1.36,2839.25,724.66,437.62,11.58,,,,,
2018-01-26,11175.87,178.93,1.3,2872.87,718.97,437.05,11.08,,,,,
2018-01-29,11767.74,193.23,1.36,2853.53,712.64,436.48,13.84,,,,,
2018-01-30,11234.32,180.45,1.27,2822.43,709.97,435.55,14.79,,,,,
2018-01-31,10107.4,165.36,1.11,2823.81,711.64,436.21,13.54,,,,,
2018-02-01,10226.86,162.93,1.14,2821.98,714.21,434.49,13.47,,,,,
2018-02-02,9114.73,141.36,0.9503,2762.13,708.62,433.43,17.31,,,,,
2018-02-05,8218.05,147.55,0.8166,2648.94,708.28,435.28,37.32,,,,,
2018-02-06,6936.43,125.02,0.6805,2695.14,704.6,433.05,29.98,,,,,
2018-02-07,7701.25,141.85,0.7619,2681.66,696.74,432.07,27.73,,,,,
2018-02-08,7593.78,137.84,0.7157,2581,699.1,432.12,33.46,,,,,
2018-02-09,8259.26,149.54,0.781,2619.55,697.38,429.9,29.06,,,,,
2018-02-12,8084.61,149.06,0.9607,2656,703.14,430.16,25.61,,,,,
2018-02-13,8911.17,161.4,1.04,2662.94,705.29,429.84,24.97,,,,,
2018-02-14,8544.69,159.05,0.9866,2698.63,719.95,428.31,19.26,,,,,
2018-02-15,9485.64,212.01,1.13,2731.2,718.55,428.93,19.13,,,,,
2018-02-16,10033.75,221.08,1.11,2732.22,719.06,429.75,19.46,,,,,
2018-02-20,11182.28,221.97,1.11,2716.26,705.93,429.59,20.6,,,,,
2018-02-21,11256.78,229.43,1.03,2701.33,706.44,427.96,20.02,,,,,
2018-02-22,10481.66,210.26,0.9512,2703.96,706.79,428.48,18.72,,,,,
2018-02-23,9847.96,192.91,0.8904,2747.3,705.55,429.34,16.49,,,,,
2018-02-26,9610.11,218.52,0.9014,2779.6,706.97,429.76,15.8,,,,,
2018-02-27,10326.5,218.62,0.9296,2744.28,699.47,429.21,18.59,,,,,
2018-02-28,10594.76,215.15,0.9276,2713.83,699.13,429.51,19.85,,,,,
2018-03-01,10334.44,202.14,0.8857,2677.67,692.43,430.01,22.47,,,,,
2018-03-02,10929.37,209.31,0.9155,2691.25,702.11,428.54,19.59,,,,,
2018-03-05,11503.94,213.36,1,2720.94,700.35,428.15,18.73,,,,,
2018-03-06,11440.33,210.8,0.9427,2728.12,708.5,428.54,18.36,,,,,
2018-03-07,10735.45,196.58,0.9013,2726.8,704.5,428.42,17.76,,,,,
2018-03-08,9928.56,186.05,0.8535,2738.97,701.42,428.74,16.54,,,,,
2018-03-09,9316.77,175.82,0.8053,2786.57,702.67,428.07,14.64,,,,,
2018-03-12,9543.98,188.38,0.8173,2783.02,701.07,428.43,15.78,,,,,
2018-03-13,9142.27,177.85,0.7822,2765.31,704.44,428.69,16.35,,,,,
2018-03-14,9160.12,175.47,0.7777,2749.48,703.62,429.12,17.23,,,,,
2018-03-15,8216.22,160.77,0.6876,2747.33,699.48,429.01,16.59,,,,,
2018-03-16,8267.95,164.28,0.6841,2752.01,696.61,428.67,15.8,,,,,
2018-03-19,8215.5,153.94,0.65,2712.92,699.56,428.23,19.02,,,,,
2018-03-20,8623.14,161.51,0.7203,2716.94,696.53,427.63,18.2,,,,,
2018-03-21,8920.53,169.09,0.6996,2711.93,701.69,427.5,17.86,,,,,
2018-03-22,8911.37,168.74,0.6786,2643.69,704.84,427.74,23.34,,,,,
2018-03-23,8724.98,163.92,0.6523,2588.26,716.77,427.82,24.87,,,,,
2018-03-26,8472.56,160.31,0.6341,2658.55,719.63,427.34,21.03,,,,,
2018-03-27,8152.18,148.28,0.5874,2612.62,712.79,429.05,22.5,,,,,
2018-03-28,7808.42,134.86,0.5703,2605,703.36,429.1,22.87,,,,,
2018-03-29,7959.78,131.66,0.5733,2640.87,701.97,430.17,19.97,,,,,
2018-04-02,6835.58,115.11,0.4787,2581.88,712.47,430.76,23.62,,,,,
2018-04-03,7074.65,119.26,0.4937,2614.45,707.43,429.56,21.1,,,,,
2018-04-04,7434.3,134.23,0.5473,2644.69,709,429.14,20.06,,,,,
2018-04-05,6815.5,118.36,0.4903,2662.84,702.84,429.01,18.94,,,,,
2018-04-06,6790.45,118.76,0.4886,2604.47,706.9,430.58,21.49,,,,,
2018-04-09,7049.92,117.88,0.4973,2613.16,709.11,431.18,21.77,,,,,
2018-04-10,6789.53,115.02,0.4862,2656.87,712.22,431.01,20.47,,,,,
2018-04-11,6871.07,114.41,0.4909,2642.19,719.71,431.36,20.24,,,,,
2018-04-12,6977.04,118.32,0.5401,2663.99,710.17,430.63,18.49,,,,,
2018-04-13,7927.73,129.71,0.6416,2656.3,713.38,430.83,17.41,,,,,
2018-04-16,8376.73,132.71,0.6936,2677.84,714.96,430.85,16.56,,,,,
2018-04-17,8079.77,128.84,0.6638,2706.39,714.36,431.24,15.25,,,,,
2018-04-18,7921.65,132.34,0.6549,2708.64,716.51,429.71,15.6,,,,,
2018-04-19,8189.92,140.49,0.7132,2693.13,714.06,428.52,15.96,,,,,
2018-04-20,8301.82,146.58,0.7828,2670.14,708.54,427.16,16.88,,,,,
2018-04-23,8823.46,146.67,0.862,2670.29,701.07,426.9,16.34,,,,,
2018-04-24,8967.86,152.64,0.8736,2634.56,705.87,426.12,18.02,,,,,
2018-04-25,9657.69,164.69,0.9213,2639.4,700.51,424.85,17.84,,,,,
2018-04-26,8873.57,145,0.795,2666.94,697.95,425.62,16.24,,,,,
2018-04-27,9289.01,153.19,0.8466,2669.91,700.9,426.39,15.41,,,,,
2018-04-30,9407.35,153.43,0.8682,2648.05,698.78,426.59,15.93,,,,,
2018-05-01,9248.25,148.27,0.8313,2654.8,692.25,425.81,15.49,,,,,
2018-05-02,9077.28,148.02,0.8343,2635.67,691.64,425.36,15.97,,,,,
2018-05-03,9232.19,151.21,0.8587,2629.73,695.44,425.7,15.9,,,,,
2018-05-04,9746.26,161.22,0.8802,2663.42,696.54,425.85,14.77,,,,,
2018-05-07,9643.99,171.84,0.8629,2672.63,696.33,425.69,14.75,,,,,
2018-05-08,9377.08,164.24,0.8262,2671.92,696.15,425.4,14.71,,,,,
2018-05-09,9196.13,159.04,0.8065,2697.79,695.81,424.73,13.42,,,,,
2018-05-10,9321.52,156.78,0.7957,2723.07,700.76,425.84,13.23,,,,,
2018-05-11,9032.22,148.24,0.7485,2727.72,699.96,426.5,12.65,,,,,
2018-05-14,8709.46,144.41,0.7285,2730.13,698.64,426.29,12.93,,,,,
2018-05-15,8672.88,147.39,0.7272,2711.45,683.85,424.73,14.63,,,,,
2018-05-16,8480.16,139.56,0.6905,2722.46,684.52,423.53,13.42,,,,,
2018-05-17,8342.69,139.32,0.708,2720.13,683.4,423.18,13.43,,,,,
2018-05-18,8071.04,132.63,0.6592,2712.97,684.33,424.13,13.42,,,,,
2018-05-21,8533.22,139.58,0.6985,2733.01,684.17,424.47,13.08,,,,,
2018-05-22,8419.67,134.28,0.6756,2724.44,684.74,424.35,13.22,,,,,
2018-05-23,7992.75,128.13,0.6384,2733.29,683.4,425.42,12.58,,,,,
2018-05-24,7505.77,118.72,0.591,2727.76,691.35,426.22,12.53,,,,,
2018-05-25,7584.78,122.88,0.6293,2721.33,690.97,427.4,13.22,,,,,
2018-05-29,7118.88,111.17,0.5478,2689.86,688.53,430.21,17.02,,,,,
2018-05-30,7474.75,119.49,0.6001,2724.01,689.83,428.84,14.94,,,,,
2018-05-31,7393.02,117.23,0.6005,2705.27,688.92,428.39,15.43,,,,,
2018-06-01,7501.74,118.38,0.6111,2734.62,686.1,427.75,13.46,,,,,
2018-06-04,7719.73,125.18,0.6883,2746.87,685.15,426.75,12.74,,,,,
2018-06-05,7503.32,119.96,0.6555,2748.8,687.78,427.25,12.4,,,,,
2018-06-06,7629.4,122.08,0.6743,2772.35,687.39,426.04,11.64,,,,,
2018-06-07,7661.79,121.49,0.6737,2770.37,688.27,427.34,12.13,,,,,
2018-06-08,7700.4,121.63,0.6774,2779.03,688.15,426.66,12.18,,,,,
2018-06-11,6773.72,106.73,0.5817,2782,688.53,426.66,12.35,,,,,
2018-06-12,6887.43,107.22,0.5988,2786.85,686.56,426.62,12.34,,,,,
2018-06-13,6556.94,100.04,0.5572,2775.63,687.6,426.34,12.94,,,,,
2018-06-14,6310.43,93.71,0.5301,2782.49,691.33,427.34,12.12,,,,,
2018-06-15,6643.63,101.02,0.5576,2779.66,675.62,427.27,11.98,,,,,
2018-06-18,6457.78,94.98,0.5269,2773.75,676.57,427.15,12.31,,,,,
2018-06-19,6714.56,98.73,0.5392,2762.59,675.82,427.31,13.35,,,,,
2018-06-20,6741.28,98.66,0.549,2767.32,673.69,426.06,12.79,,,,,
2018-06-21,6761.27,97.85,0.5396,2749.76,671.61,426.01,14.64,,,,,
2018-06-22,6720.64,96.7,0.5341,2754.88,671.75,425.92,13.77,,,,,
2018-06-25,6157.78,80.62,0.4747,2717.07,670.9,425.95,17.33,,,,,
2018-06-26,6260.4,81.61,0.4805,2723.06,666.18,426.13,15.92,,,,,
2018-06-27,6092.26,75.82,0.4525,2699.63,664.21,427.23,17.91,,,,,
2018-06-28,6141.57,80.73,0.4711,2716.31,661.54,426.97,16.85,,,,,
2018-06-29,5870.81,74.18,0.4469,2718.37,663.43,426.81,16.09,,,,,
2018-07-02,6342.69,79.89,0.4612,2726.71,656.77,426.65,15.6,,,,,
2018-07-03,6616.6,85.49,0.4897,2713.22,663.04,427.65,16.14,,,,,
2018-07-05,6589.77,85.4,0.492,2736.61,665.92,428.14,14.97,,,,,
2018-07-06,6534.81,83.3,0.4773,2759.82,664.37,428.64,13.37,,,,,
2018-07-09,6707.46,82.22,0.4782,2784.17,666.49,428.81,12.69,,,,,
2018-07-10,6668.84,80.47,0.4731,2793.84,664.3,429.06,12.64,,,,,
2018-07-11,6306.87,75.94,0.4426,2774.02,658.48,429.62,13.63,,,,,
2018-07-12,6394.36,78.3,0.449,2798.29,659.57,429.84,12.58,,,,,
2018-07-13,6253.66,76.99,0.4379,2801.31,656.69,430.54,12.18,,,,,
2018-07-16,6364.26,78.63,0.4474,2798.43,655.96,430.26,12.83,,,,,
2018-07-17,6740.54,83.67,0.4824,2809.55,649.43,429.97,12.06,,,,,
2018-07-18,7326.76,89.05,0.5066,2815.62,649.79,429.53,12.1,,,,,
2018-07-19,7383.39,86.32,0.4887,2804.49,647.51,430.4,12.87,,,,,
2018-07-20,7477.1,86.2,0.4768,2801.83,650.91,429.43,12.86,,,,,
2018-07-23,7398.64,82.3,0.4488,2806.98,647.87,428.26,12.62,,,,,
2018-07-24,7718,81.25,0.445,2820.4,648.01,428.97,12.41,,,,,
2018-07-25,8395.81,89.19,0.4573,2846.07,651.4,428.83,12.29,,,,,
2018-07-26,8170.37,86.34,0.459,2837.44,648.44,429,12.14,,,,,
2018-07-27,7937.1,83.54,0.4493,2818.82,647.12,429.58,13.03,,,,,
2018-07-30,8216.7,83.95,0.4529,2802.6,646.59,429.54,14.26,,,,,
2018-07-31,8176.08,82.19,0.4458,2816.29,647.73,430.36,12.83,,,,,
2018-08-01,7736.25,78.84,0.4351,2813.36,644.62,429.55,13.15,,,,,
2018-08-02,7610.9,77.64,0.4464,2827.22,640.71,429.7,12.19,,,,,
2018-08-03,7542.34,76.2,0.4306,2840.35,642.38,430.8,11.64,,,,,
2018-08-06,7042.57,74.65,0.4347,2850.4,639.6,431.09,11.27,,,,,
2018-08-07,6945.77,73.58,0.4128,2858.45,639.95,430.74,10.93,,,,,
2018-08-08,6723.29,67.33,0.3781,2857.7,641.4,430.69,10.85,,,,,
2018-08-09,6285.06,62.22,0.3321,2853.58,640.86,431.37,11.27,,,,,
2018-08-10,6543.25,63.02,0.344,2833.28,640.42,431.83,13.16,,,,,
2018-08-13,6322.41,59.37,0.2958,2821.93,629.97,431.56,14.78,,,,,
2018-08-14,6263.2,56.49,0.2745,2839.96,630.95,431.36,13.31,,,,,
2018-08-15,6199.63,54.37,0.273,2818.37,622.74,431.96,14.64,,,,,
2018-08-16,6274.22,54.41,0.2803,2840.69,622.25,432.38,13.45,,,,,
2018-08-17,6323.81,55.39,0.2916,2850.13,622.39,432.52,12.64,,,,,
2018-08-20,6502.24,57.82,0.3414,2857.05,627.96,433.66,12.49,,,,,
2018-08-21,6270.09,53.4,0.3149,2862.96,630.83,433.4,12.86,,,,,
2018-08-22,6491.09,56.4,0.334,2861.82,632.6,433.62,12.25,,,,,
2018-08-23,6366.14,55.18,0.3178,2856.98,627.75,433.63,12.41,,,,,
2018-08-24,6539.13,57.28,0.3257,2874.69,637.93,433.84,11.99,,,,,
2018-08-27,6720.6,57.09,0.323,2896.74,639.46,433.19,12.16,,,,,
2018-08-28,6915.92,60.69,0.3387,2897.52,638.66,432.53,12.5,,,,,
2018-08-29,7091.38,63.16,0.3508,2914.04,637.17,432.57,12.25,,,,,
2018-08-30,7051.61,61.54,0.3447,2901.13,633.79,432.62,13.53,,,,,
2018-08-31,6998.76,60.22,0.3348,2901.52,634.72,432.23,12.86,,,,,
2018-09-04,7270.05,65.38,0.3345,2896.72,630.87,431.68,13.16,,,,,
2018-09-05,7369.89,67.68,0.3304,2888.6,632.06,431.24,13.91,,,,,
2018-09-06,6705.06,57.73,0.2789,2878.05,633.68,432.01,14.65,,,,,
2018-09-07,6515.42,57.49,0.3014,2871.68,631.66,431.06,14.88,,,,,
2018-09-10,6249.07,54.72,0.276,2877.13,631.45,431.32,14.16,,,,,
2018-09-11,6324.43,54.34,0.2697,2887.89,632.76,430.56,13.22,,,,,
2018-09-12,6295.54,52,0.263,2888.92,637.37,431.04,13.14,,,,,
2018-09-13,6337.08,51.63,0.2699,2904.18,635.99,431.46,12.37,,,,,
2018-09-14,6492.17,54.55,0.2792,2904.98,632.29,431.4,12.07,,,,,
2018-09-17,6502.44,56.79,0.281,2888.8,634.87,431.52,13.68,,,,,
2018-09-18,6261.33,52.09,0.2705,2904.31,633.38,430.36,12.79,,,,,
2018-09-19,6346.44,54,0.319,2907.95,636.27,429.64,11.75,,,,,
2018-09-20,6398.83,54.31,0.3265,2930.75,637.88,430.25,11.8,,,,,
2018-09-21,6505.97,56.59,0.4485,2929.67,632.65,430.59,11.68,,,,,
2018-09-24,6702.73,61.36,0.5713,2919.37,634.4,430.24,12.2,,,,,
2018-09-25,6583.53,57.95,0.4923,2915.56,634.81,429.94,12.42,,,,,
2018-09-26,6437.74,57.54,0.5251,2905.97,631.68,431.13,12.89,,,,,
2018-09-27,6462.6,57.23,0.5129,2914,625.56,431.46,12.41,,,,,
2018-09-28,6686.13,63.22,0.5434,2913.98,630.23,431.39,12.12,,,,,
2018-10-01,6623.82,61.1,0.5817,2924.59,627.98,430.79,12,,,,,
2018-10-02,6594.98,60.28,0.5769,2923.43,636.08,431.5,12.05,,,,,
2018-10-03,6525.46,59.34,0.5165,2925.51,633.96,429.36,11.61,,,,,
2018-10-04,6492.61,57.36,0.5277,2901.61,633.31,428.03,14.22,,,,,
2018-10-05,6580,58.14,0.5281,2885.57,635.46,427.17,14.82,,,,,
2018-10-08,6601.46,58.09,0.482,2884.43,626.61,427.38,15.69,,,,,
2018-10-09,6650.07,59.44,0.491,2880.34,628.18,427.59,15.95,,,,,
2018-10-10,6631.79,58.68,0.4805,2785.68,629.22,427.4,22.96,,,,,
2018-10-11,6581.07,57.82,0.464,2728.37,647.29,428.39,24.98,,,,,
2018-10-12,6209.47,50.81,0.3809,2767.13,644.37,427.82,21.31,,,,,
2018-10-15,6277.73,51.94,0.4064,2750.79,648.87,428.27,21.3,,,,,
2018-10-16,6612.69,54.68,0.4555,2809.92,649.28,428.19,17.62,,,,,
2018-10-17,6583.05,53.9,0.4774,2809.21,647.42,427.07,17.4,,,,,
2018-10-18,6576.4,53.67,0.4774,2768.78,648.89,427.2,20.06,,,,,
2018-10-19,6489.37,52.35,0.4619,2767.78,648.19,427,19.89,,,,,
2018-10-22,6509.87,52.76,0.4613,2755.88,646.15,426.4,19.64,,,,,
2018-10-23,6484.32,52.12,0.4575,2740.69,652.63,426.2,20.71,,,,,
2018-10-24,6470.63,52.6,0.4658,2656.1,649.66,427.63,25.23,,,,,
2018-10-25,6476.52,52.27,0.461,2705.57,650.39,427.06,24.22,,,,,
2018-10-26,6462.77,52.17,0.4604,2658.69,652.23,427.53,24.16,,,,,
2018-10-29,6470.74,51.79,0.4621,2641.25,648.02,427.82,24.7,,,,,
2018-10-30,6314.38,48.71,0.443,2682.63,646.85,426.44,23.35,,,,,
2018-10-31,6309.11,49.04,0.4459,2711.74,641.46,425.89,21.23,,,,,
2018-11-01,6342.81,49.67,0.4524,2740.37,653.96,425.79,19.34,,,,,
2018-11-02,6381.3,50.33,0.4593,2723.06,651.2,424.58,19.51,,,,,
2018-11-05,6467.05,54.23,0.4686,2738.31,650.8,425.03,19.96,,,,,
2018-11-06,6433.53,53.64,0.4993,2755.45,647.67,425.52,19.91,,,,,
2018-11-07,6479.72,56.03,0.5529,2813.89,648.98,425.89,16.36,,,,,
2018-11-08,6530.94,54.06,0.5381,2806.83,647.12,425.85,16.72,,,,,
2018-11-09,6446.06,52.28,0.4944,2781.01,638.45,426.43,17.36,,,,,
2018-11-12,6408.18,51.12,0.5069,2726.22,635.85,426.545,20.45,,,,,
2018-11-13,6375.08,50.68,0.5208,2722.18,634.79,426.66,20.02,,,,,
2018-11-14,6339.17,49.42,0.5121,2701.58,639.4,426.13,21.25,,,,,
2018-11-15,5740.51,43.38,0.475,2730.2,642.13,425.19,19.98,,,,,
2018-11-16,5647.5,43.96,0.4839,2736.27,646.32,425.66,18.14,,,,,
2018-11-19,5615.26,42.13,0.5128,2690.73,647.55,426.05,20.1,,,,,
2018-11-20,4809.62,36.27,0.4775,2641.89,645.44,425.31,22.48,,,,,
2018-11-21,4441.81,32.86,0.4369,2649.93,649.06,425.81,20.8,,,,,
2018-11-23,4320.68,31.56,0.4225,2632.56,646.67,425.82,21.52,,,,,
2018-11-26,4004.46,30.84,0.3782,2673.45,646.59,425.95,18.9,,,,,
2018-11-27,3784.77,29.5,0.359,2682.17,642,425.69,19.02,,,,,
2018-11-28,3822.99,31.13,0.3626,2743.79,647.25,425.05,18.49,,,,,
2018-11-29,4263.52,34.63,0.3925,2737.76,647.61,425.3,18.79,,,,,
2018-11-30,4286.85,33.68,0.3812,2760.17,645.34,425.33,18.07,,,,,
2018-12-03,4143.86,33.59,0.3695,2790.37,652.62,426.81,16.44,,,,,
2018-12-04,3871.41,30.7,0.3468,2700.06,656.35,427.61,20.74,,,,,
2018-12-05,3948.44,30.95,0.3519,2698.01,654.29,427.39,20.965,,,,,
2018-12-06,3737.53,28.92,0.337,2695.95,654.86,427.17,21.19,,,,,
2018-12-07,3485.18,26.53,0.3074,2633.08,659.64,428.24,23.23,,,,,
2018-12-10,3592.84,25.6,0.3136,2637.72,658.09,428.44,22.64,,,,,
2018-12-11,3467.16,24.28,0.3022,2636.78,656.97,428.44,21.76,,,,,
2018-12-12,3401.02,23.43,0.3005,2651.07,658.49,428.54,21.46,,,,,
2018-12-13,3485.59,24.36,0.3081,2650.54,657.16,428.92,20.65,,,,,
2018-12-14,3305.11,23.1,0.3002,2599.95,654.05,429.26,21.63,,,,,
2018-12-17,3255.37,25.65,0.2891,2545.94,659.66,430.25,24.52,,,,,
2018-12-18,3548.19,29.31,0.3319,2546.16,660.65,431.01,25.58,,,,,
2018-12-19,3715.85,30.44,0.3558,2506.96,662.17,432.13,25.58,,,,,
2018-12-20,3736.54,29.39,0.3531,2467.42,668.27,430.5,28.38,,,,,
2018-12-21,4137.66,32.83,0.3808,2416.62,663.15,430.23,30.11,,,,,
2018-12-24,4007.63,33.5,0.3757,2351.1,670.51,431.3,36.07,,,,,
2018-12-26,3834.73,31.12,0.3862,2467.7,671.23,429.1,30.41,,,,,
2018-12-27,3848.78,30.89,0.3833,2488.83,675.54,428.52,29.96,,,,,
2018-12-28,3646.09,28.05,0.342,2485.74,676.59,430.18,28.34,,,,,
2018-12-31,3896.21,32.02,0.3752,2506.85,675.83,431.14,25.42,,,,,
2019-01-02,3880.15,32.12,0.3709,2510.03,677.4,431.85,23.22,,,,,
2019-01-03,3961.01,33.4,0.3799,2447.89,683.09,433.45,25.45,,,,,
2019-01-04,3835.86,32.03,0.3607,2531.94,678.39,431.7,21.38,,,,,
2019-01-07,4102.85,39.45,0.3721,2549.69,680.7,431.49,21.4,,,,,
2019-01-08,4050.4,37.98,0.3671,2574.41,678.63,431.79,20.47,,,,,
2019-01-09,4040.75,39.56,0.3696,2584.96,681.89,432.7,19.98,,,,,
2019-01-10,4048.34,38.92,0.3721,2596.64,679.54,432.25,19.5,,,,,
2019-01-11,3668.15,33.55,0.3326,2596.26,680.69,432.83,18.19,,,,,
2019-01-14,3551.24,30.11,0.3188,2582.61,681.81,432.64,19.07,,,,,
2019-01-15,3703.9,32.36,0.3364,2610.3,680.23,432.26,18.6,,,,,
2019-01-16,3621.24,31.27,0.3278,2616.1,683.11,432.66,19.04,,,,,
2019-01-17,3643.99,31.63,0.3302,2635.96,682.32,432.75,18.06,,,,,
2019-01-18,3685.3,31.83,0.3313,2670.71,677.21,433.12,17.8,,,,,
2019-01-22,3571.92,31.04,0.3209,2632.9,677.71,434.36,20.8,,,,,
2019-01-23,3602.04,31.8,0.3216,2638.7,678.12,434.96,19.52,,,,,
2019-01-24,3572.05,31.89,0.3169,2642.33,675.91,436.09,18.89,,,,,
2019-01-25,3598.52,32.83,0.3198,2664.76,685.57,436.06,17.42,,,,,
2019-01-28,3565.08,32.34,0.3082,2643.85,688.39,436.1,18.87,,,,,
2019-01-29,3453.42,31.16,0.2952,2640,691.54,437.23,19.13,,,,,
2019-01-30,3418.25,31.01,0.2892,2681.05,691.74,438.11,17.66,,,,,
2019-01-31,3467.21,31.83,0.3235,2704.1,696.89,440.17,16.57,,,,,
2019-02-01,3434.13,31.52,0.3122,2706.53,695.3,439.85,16.14,,,,,
2019-02-04,3449.62,33.26,0.3028,2724.87,693.97,439.56,15.73,,,,,
2019-02-05,3431.24,33.97,0.2986,2737.7,693.96,440.78,15.57,,,,,
2019-02-06,3447.66,34.27,0.2996,2731.61,691.48,441.06,15.38,,,,,
2019-02-07,3394.89,32.81,0.289,2706.05,691.42,441.41,16.37,,,,,
2019-02-08,3375.33,33.18,0.2909,2707.88,693.73,441.7,15.72,,,,,
2019-02-11,3685.14,46.86,0.3098,2709.8,690.4,441.67,15.97,,,,,
2019-02-12,3611.34,42.85,0.3023,2744.73,691.55,441.42,15.43,,,,,
2019-02-13,3617.41,43.93,0.3055,2753.03,692.17,440.88,15.65,,,,,
2019-02-14,3605.87,41.69,0.305,2745.73,691.59,441.5,16.22,,,,,
2019-02-15,3588.72,41.39,0.3015,2775.6,695.95,441.99,14.91,,,,,
2019-02-19,3912.57,47.88,0.3238,2779.76,708.09,442.66,14.88,,,,,
2019-02-20,3924.24,47.35,0.3254,2784.7,709.77,442.39,14.02,,,,,
2019-02-21,3974.05,51.68,0.333,2774.88,699.23,441.23,14.46,,,,,
2019-02-22,3937.04,48.99,0.322,2792.67,701.91,442,13.51,,,,,
2019-02-25,3771.62,43.98,0.3005,2796.11,700.31,442.21,14.85,,,,,
2019-02-26,3845.51,45.76,0.3307,2793.9,699.83,442.88,15.17,,,,,
2019-02-27,3817.88,45.05,0.3197,2792.38,696.04,441.74,14.7,,,,,
2019-02-28,3830.72,45.37,0.3136,2784.49,693.4,441.48,14.78,,,,,
2019-03-01,3823.37,45.92,0.3166,2803.69,684.54,440.53,13.57,,,,,
2019-03-04,3812.31,48.17,0.3129,2792.81,678.51,441.72,14.63,,,,,
2019-03-05,3731.28,46.13,0.3043,2789.65,677.08,442.05,14.74,,,,,
2019-03-06,3874.18,52.97,0.3171,2771.45,678.65,442.35,15.74,,,,,
2019-03-07,3874.98,55.85,0.3188,2748.93,677.91,443.16,16.59,,,,,
2019-03-08,3882.61,57.24,0.3141,2743.07,684.91,443.27,16.05,,,,,
2019-03-11,3929.84,57.05,0.3143,2783.3,680.69,443.18,14.33,,,,,
2019-03-12,3874.89,55.34,0.312,2791.52,684.38,444.65,13.77,,,,,
2019-03-13,3888.57,56.97,0.3108,2810.92,690.35,444.55,13.41,,,,,
2019-03-14,3878.44,55.85,0.3161,2808.48,682.84,443.91,13.5,,,,,
2019-03-15,3881.44,56.34,0.3136,2822.48,686.82,445.03,12.88,,,,,
2019-03-18,3998,60.97,0.3174,2832.94,686.33,445.15,13.1,,,,,
2019-03-19,3988.85,59.67,0.3167,2832.57,689,445.12,13.56,,,,,
2019-03-20,4024.14,60.17,0.3169,2824.23,686.48,446.88,13.91,,,,,
2019-03-21,4056.75,60.91,0.3197,2854.88,689.57,447.3,13.63,,,,,
2019-03-22,3996.93,58.9,0.3112,2800.71,692.29,449.98,16.48,,,,,
2019-03-25,3994.11,59.95,0.3085,2798.36,697.84,450.53,16.33,,,,,
2019-03-26,3924.55,59.16,0.3024,2818.46,693.89,450.97,14.68,,,,,
2019-03-27,3942.22,59.08,0.3028,2805.37,691.58,452.04,15.15,,,,,
2019-03-28,4045.98,61.77,0.3111,2815.44,680.28,452.3,14.43,,,,,
2019-03-29,4036.45,60.74,0.3072,2834.4,682.01,452.22,13.71,,,,,
2019-04-01,4112.69,60.78,0.3109,2867.19,679.89,450.25,13.4,,,,,
2019-04-02,4151.32,60.7,0.3134,2867.24,680.56,450.74,13.36,,,,,
2019-04-03,4906.93,77.67,0.3545,2873.4,680.55,449.87,13.74,,,,,
2019-04-04,4976.59,85.58,0.3426,2879.39,680.07,450.4,13.58,,,,,
2019-04-05,4913.36,85.15,0.3314,2892.74,680.8,450.87,12.82,,,,,
2019-04-08,5201.16,92.16,0.3638,2895.77,684.25,450.65,13.18,,,,,
2019-04-09,5294.09,89.61,0.3591,2878.2,687.66,451.54,14.28,,,,,
2019-04-10,5201.3,87.02,0.3504,2888.21,690.65,452.29,13.3,,,,,
2019-04-11,5318.6,88.34,0.354,2888.32,679.86,452.08,13.02,,,,,
2019-04-12,5048.56,79.44,0.3292,2907.41,680.91,451.68,12.01,,,,,
2019-04-15,5165.59,83.94,0.3303,2905.58,678.99,452.35,12.32,,,,,
2019-04-16,5037.27,78.27,0.3194,2907.06,671.62,451.65,12.18,,,,,
2019-04-17,5212.81,81.03,0.3263,2900.45,671.46,451.59,12.6,,,,,
2019-04-18,5236.26,79.34,0.3368,2905.03,671.08,452.41,12.09,,,,,
2019-04-22,5305.74,77.39,0.3226,2907.97,672.1,451.48,12.42,,,,,
2019-04-23,5394.67,77.14,0.3245,2933.68,669.83,451.95,12.28,,,,,
2019-04-24,5539.1,74.26,0.3207,2927.25,673.14,453.26,13.14,,,,,
2019-04-25,5454.58,73.34,0.3017,2926.17,673.34,453.22,13.25,,,,,
2019-04-26,5162.67,71,0.2879,2939.88,678.17,454.01,12.73,,,,,
2019-04-29,5272.45,69.1,0.2983,2943.03,674.47,453.52,13.11,,,,,
2019-04-30,5237.96,67.94,0.2956,2945.83,676.72,454.14,13.12,,,,,
2019-05-01,5350.64,75.12,0.3113,2923.73,675.98,454.37,14.8,,,,,
2019-05-02,5389.54,73.85,0.3055,2917.52,669.6,453.15,14.42,,,,,
2019-05-03,5500.72,73.86,0.3031,2945.64,674.54,453.59,12.87,,,,,
2019-05-06,5794.14,75.99,0.3009,2932.47,675.99,454.05,15.44,,,,,
2019-05-07,5748.17,75.48,0.3039,2884.05,676.98,455.06,19.32,,,,,
2019-05-08,5819.57,74.28,0.2975,2879.42,674.82,454.28,19.4,,,,,
2019-05-09,5998.71,75.05,0.3002,2870.72,676.86,454.64,19.1,,,,,
2019-05-10,6171.96,74.07,0.2948,2881.4,678.03,454.09,16.04,,,,,
2019-05-13,6977.63,84.83,0.3107,2811.87,685.72,454.87,20.55,,,,,
2019-05-14,7806.36,87.63,0.324,2834.41,682.83,454.59,18.06,,,,,
2019-05-15,7980.13,91.5,0.4075,2850.96,683.72,455.73,16.44,,,,,
2019-05-16,8183.83,102.17,0.4579,2876.32,677.62,455.53,15.29,,,,,
2019-05-17,7874.11,95.66,0.419,2859.53,672.11,455.72,15.96,,,,,
2019-05-20,8193.14,95.06,0.4185,2840.23,673.03,455.04,16.31,,,,,
2019-05-21,7998.29,91.64,0.3993,2864.36,670.92,454.69,14.95,,,,,
2019-05-22,7947.93,91.24,0.3971,2856.27,671.33,455.54,14.75,,,,,
2019-05-23,7626.89,87.73,0.3717,2822.24,677.41,456.73,16.92,,,,,
2019-05-24,7876.5,88.89,0.3807,2826.06,676.51,456.84,15.85,,,,,
2019-05-28,8785.17,116.95,0.4347,2802.39,673.17,457.94,17.5,,,,,
2019-05-29,8718.85,114.93,0.4488,2783.02,675.21,457.28,17.9,,,,,
2019-05-30,8664.56,115.29,0.4446,2788.86,678.45,459.02,17.3,,,,,
2019-05-31,8276.25,108.05,0.4188,2752.06,688.31,460.87,18.71,,,,,
2019-06-03,8737.91,114.58,0.4447,2744.45,697.27,462.2,18.86,,,,,
2019-06-04,8114.49,105.86,0.4175,2803.27,697.73,461.03,16.97,,,,,
2019-06-05,7677.47,102.12,0.3981,2826.15,700.35,460.85,16.09,,,,,
2019-06-06,7791.29,103.85,0.401,2843.49,705.17,460.95,15.93,,,,,
2019-06-07,7807.36,111.41,0.4201,2873.34,707,462.65,16.3,,,,,
2019-06-10,7643.44,114.87,0.3858,2886.73,698.32,462.05,15.94,,,,,
2019-06-11,8021,129.83,0.4017,2885.72,699.36,462.17,15.99,,,,,
2019-06-12,7917.32,136.08,0.3934,2879.84,702.34,462.67,15.91,,,,,
2019-06-13,8174.14,136.16,0.4029,2891.64,706.01,463.38,15.82,,,,,
2019-06-14,8235.57,130.86,0.3996,2886.98,706.48,463.56,15.28,,,,,
2019-06-17,8979.18,136.95,0.4282,2889.67,705.77,463.79,15.35,,,,,
2019-06-18,9336.01,134.19,0.4484,2917.75,709.91,465.27,15.15,,,,,
2019-06-19,9081.71,135.13,0.427,2926.46,708.95,466.66,14.33,,,,,
2019-06-20,9280.54,136.83,0.4354,2954.18,734.28,468.59,14.75,,,,,
2019-06-21,9536.85,135.78,0.4304,2950.46,736.01,467.91,15.4,,,,,
2019-06-24,10855.99,136.83,0.4688,2945.35,745.66,469.85,15.26,,,,,
2019-06-25,11035.74,135.4,0.4729,2917.38,745.96,469.96,16.28,,,,,
2019-06-26,11740.34,135.51,0.4657,2913.78,744.27,468.79,16.21,,,,,
2019-06-27,12913.28,130.52,0.4614,2924.92,742.52,470.1,15.82,,,,,
2019-06-28,11154.09,114.24,0.4049,2941.76,743.46,470.73,15.08,,,,,
2019-07-01,10769.05,122.16,0.3934,2964.33,730.76,471.15,14.06,,,,,
2019-07-02,10591.87,122.67,0.4057,2973.01,740.64,472.3,12.93,,,,,
2019-07-03,10844.13,118.68,0.3984,2995.82,747.47,473.21,12.57,,,,,
2019-07-05,11156.52,119.67,0.3874,2990.41,736.61,471.26,13.28,,,,,
2019-07-08,11474.28,120.17,0.3986,2975.95,736.69,470.81,13.96,,,,,
2019-07-09,12296.16,123.46,0.4028,2979.63,737.01,470.44,14.09,,,,,
2019-07-10,12567.02,119.44,0.394,2993.07,743.37,470.43,13.03,,,,,
2019-07-11,12099.12,108.23,0.3613,2999.91,740.44,468.68,12.93,,,,,
2019-07-12,11343.12,103.04,0.3289,3013.77,743.36,468.81,12.39,,,,,
2019-07-15,10204.41,89.76,0.3046,3014.3,744.18,469.86,12.68,,,,,
2019-07-16,10850.26,90.45,0.3128,3004.04,742.92,469.16,12.86,,,,,
2019-07-17,9423.44,79.63,0.295,2984.42,749.38,470.9,13.97,,,,,
2019-07-18,9696.15,90.22,0.3108,2995.11,751.98,471.52,13.53,,,,,
2019-07-19,10638.35,101.27,0.3209,2976.61,751.3,471.19,14.45,,,,,
2019-07-22,10586.71,99.69,0.3308,2985.03,751.59,471.67,13.53,,,,,
2019-07-23,10325.87,95.17,0.3209,3005.47,748.91,471.48,12.61,,,,,
2019-07-24,9854.15,89.97,0.3081,3019.56,750,472.25,12.07,,,,,
2019-07-25,9772.14,94.44,0.316,3003.67,745.34,471.96,12.74,,,,,
2019-07-26,9882.43,93.37,0.3132,3025.86,747.84,472.24,12.16,,,,,
2019-07-29,9531.77,89.77,0.3115,3020.97,748.54,472.53,12.83,,,,,
2019-07-30,9506.93,90.27,0.3098,3013.18,753.02,472.58,13.94,,,,,
2019-07-31,9595.52,90.27,0.3188,2980.38,750.98,473.61,16.12,,,,,
2019-08-01,10089.25,98.84,0.3199,2953.56,748.2,477.06,17.87,,,,,
2019-08-02,10409.79,98.84,0.3164,2932.05,761.36,477.52,17.61,,,,,
2019-08-05,10978.91,92.93,0.3194,2844.74,771.41,479.67,24.59,,,,,
2019-08-06,11807.96,96.4,0.3217,2881.77,775.48,480.35,20.17,,,,,
2019-08-07,11467.1,92.98,0.3112,2883.98,794.02,479.71,19.49,,,,,
2019-08-08,11974.28,90.54,0.3111,2938.09,788.78,480.39,16.91,,,,,
2019-08-09,11982.8,90.13,0.308,2918.65,788.31,479.66,17.97,,,,,
2019-08-12,11549.06,89.9,0.3029,2883.75,792.98,482.27,21.09,,,,,
2019-08-13,11387.41,85.78,0.3005,2926.32,791.41,481.41,17.52,,,,,
2019-08-14,10872,84.56,0.2972,2840.6,798.61,483.96,22.1,,,,,
2019-08-15,10031.89,75.79,0.2631,2847.6,800.43,485.84,21.18,,,,,
2019-08-16,10308.51,76.27,0.2642,2888.68,796.5,485.08,18.47,,,,,
2019-08-19,10326.25,76.35,0.2836,2923.65,790.36,483.52,16.88,,,,,
2019-08-20,10922.16,77.14,0.2823,2900.51,792.54,485.33,17.5,,,,,
2019-08-21,10770.76,75.08,0.2743,2924.43,792.59,485.04,15.8,,,,,
2019-08-22,10131.67,73.1,0.266,2922.95,788.86,484.56,16.68,,,,,
2019-08-23,10104.11,73.78,0.2711,2847.11,804.12,486.87,19.87,,,,,
2019-08-26,10141.75,72.15,0.2699,2878.38,804.04,486.39,19.32,,,,,
2019-08-27,10364.91,73.45,0.2702,2869.16,811.72,488.59,20.31,,,,,
2019-08-28,10175.47,72.75,0.2695,2887.94,810.35,488.7,19.35,,,,,
2019-08-29,9722.83,66.81,0.2563,2924.58,804.02,488.12,17.88,,,,,
2019-08-30,9492.81,63.5,0.2571,2926.46,800.14,488.15,18.98,,,,,
2019-09-03,10387.5,67.15,0.2616,2906.27,814.18,488.07,19.66,,,,,
2019-09-04,10625.1,69.12,0.2632,2937.78,816.57,488.68,17.33,,,,,
2019-09-05,10585.2,67.17,0.2589,2976,798.35,485.78,16.27,,,,,
